session_id,n_analog_days,athlete_wbgt_median_c,athlete_wbgt_p90_c,athlete_wbgt_max_c,arrival_wbgt_p90_c,peak_temp_median_c,p_yellow_or_worse,p_red_or_worse,p_black,p90_flag,p90_flag_rank
b3b78c408ab3f14065b16d2b2b9c9444,77,30.303267257904185,32.17367036619561,35.556345398717795,31.930746678277295,34.9,0.7402597402597403,0.2597402597402597,0.1038961038961039,red,3
fe8ef027e6dfd978035373e814cba8d5,77,27.96416138722593,30.248246554830743,31.444260716419663,30.079140488185317,31.3,0.24675324675324675,0.025974025974025976,0.0,yellow,2
0f664e2a6ab8d47f40df32eff2e4f86e,77,27.304649304674573,29.930413512208883,30.85718250976833,23.489261456149382,30.4,0.18181818181818182,0.0,0.0,yellow,2
227aedf20a8c1277cabb1cd1b5eea627,77,28.064179271035794,29.9115526680755,31.561599908849846,29.237474909944755,32.6,0.19480519480519481,0.025974025974025976,0.0,yellow,2
8ba1dd326c3d0a7dc29ac948f739ba74,77,27.187439003450436,29.450718473535314,31.088767769519666,27.783828944670308,31.7,0.11688311688311688,0.0,0.0,yellow,2
efd404fae502ad05f117a52c36cab6ac,77,26.7676987777175,28.54365462053378,29.66623655435405,22.6167106846481,30.5,0.012987012987012988,0.0,0.0,green,1
955a8539006937a9ff4d377356951ca0,77,26.474781850774015,28.335821559139532,31.95966743080922,25.594105255525665,27.5,0.05194805194805195,0.012987012987012988,0.0,green,1
ce4ab8b5a4f3d3aee829bdfd63329951,77,26.306718696815032,28.321051759920376,30.07128645736658,27.223176932605956,27.9,0.03896103896103896,0.0,0.0,green,1
f6273b5ad098d371e9dc7af4c24b1a38,77,26.26093969977422,28.165720871079962,29.952528743980544,28.19173160574248,28.9,0.025974025974025976,0.0,0.0,green,1
6b6a1ca6928a9f7b93abfbdc62385e48,77,26.50025341185792,27.99069271887804,30.940697134160274,22.85781035282536,28.0,0.025974025974025976,0.0,0.0,green,1
4503f607d25a527a3a9eb1a96ebb9874,77,26.293789632122202,27.50912681790991,29.36797470267799,26.289419700029388,28.6,0.0,0.0,0.0,green,1
63c2a3d2b7c028885ca9cf3d38eaa91a,77,26.031477199457782,27.324822563096607,31.95966743080922,24.73429491284896,27.4,0.012987012987012988,0.012987012987012988,0.0,green,1
f2fcb707c495f1f96c882cc5baefd17d,77,25.96576625894997,27.250332886434908,31.95966743080922,22.332211591591484,28.2,0.012987012987012988,0.012987012987012988,0.0,green,1
5cd3fbfd493a4d43b8116e95984f0004,77,25.958595412922968,27.250332886434908,31.95966743080922,24.581649744002007,27.8,0.012987012987012988,0.012987012987012988,0.0,green,1
70a1e34b5be245d376f62b8fdfe0cb0a,77,25.933057391782253,27.242389340389288,28.178002091688843,27.245351172618406,28.3,0.0,0.0,0.0,green,1
3a2d7a5d4590623a0c4f33684951d211,77,24.880634961765928,26.979691620642146,27.90958781760638,27.23818966342131,26.3,0.0,0.0,0.0,green,1
1d1081814ba0660f82c4f399253898ca,77,25.028878187580993,26.768106097248552,28.810519532345122,22.86310493427393,25.4,0.0,0.0,0.0,green,1
1242871cf2becffd9e238c7e7df71c68,77,25.06889055732942,26.72667537442382,28.228756691312128,26.883464430633296,25.2,0.0,0.0,0.0,green,1
7a6918bcc228d74b46ca735091dccd4a,77,24.649492297964095,26.388530191888943,27.929964776298483,27.70513759529702,29.3,0.0,0.0,0.0,none,0
d41e9942c64193fbef4dbe544b98c2d8,77,24.564483961458855,26.143097790849865,28.27111359556614,22.760418759065388,24.6,0.0,0.0,0.0,none,0
0cf0aec0a990ff752f0e402aa1ab48a4,77,24.256796624486793,26.11721213541352,30.21040543677582,26.387193894878745,26.8,0.012987012987012988,0.0,0.0,none,0
3775f7ef11d8e28e256be9eb57150035,77,24.72906173284028,25.86696754098172,27.7892392538435,25.803736805802316,25.8,0.0,0.0,0.0,none,0
9b5af55bc5d9fde5f70e21200040023f,77,24.485733752596047,25.829483692690026,27.633126351840595,22.46620340226986,24.6,0.0,0.0,0.0,none,0
9eb1d7d0814f7613fa3abf28c33e50c7,77,24.706523609754147,25.748111648241615,27.17792950023292,26.364114884412263,26.8,0.0,0.0,0.0,none,0
cd7598723ccba16336c7ba8a668eac1d,77,24.72684708225098,25.71804948166487,28.060076464339286,25.663282339907543,26.1,0.0,0.0,0.0,none,0
8f693629ae5138f39a857fb799a1717c,77,24.454016101864838,25.60455093023085,27.633126351840595,22.043902434893383,24.5,0.0,0.0,0.0,none,0
28e8632665228d3909b52fd13e0163d6,77,24.72117153567125,25.477058348067548,27.064763457157,25.631738357758127,25.7,0.0,0.0,0.0,none,0
289f901d9d2d08dc69b4efab222932c2,77,21.608552541174873,23.53762871599596,25.762170192527467,24.8896657111693,23.6,0.0,0.0,0.0,none,0
463e3eaba121d3ab030dee93e17946a1,77,21.13076425235758,23.405910197367813,24.99647968611522,25.656825393619233,26.4,0.0,0.0,0.0,none,0
94bd7f42b891054d1793cdae0f14e920,77,21.4358493936133,22.865566044503673,24.05849781560194,24.357345165077362,23.3,0.0,0.0,0.0,none,0
6619c09883a880230fea4977d177db3e,77,21.078295433029023,22.423920984462672,23.967378110643796,23.594242032844956,22.3,0.0,0.0,0.0,none,0
693111e7a59bb0af809a41e88a72c30e,77,20.837878833839454,22.117375220190997,22.993450584069496,23.482908781094807,21.8,0.0,0.0,0.0,none,0
33b548f0b475a3a294066c4ecd86be90,77,19.849961364004,21.731815179407924,23.118439624480605,23.362191220974847,21.5,0.0,0.0,0.0,none,0
a57ac43826207af5dc08d73612500821,77,,,,22.660839999656158,30.7,0.0,0.0,0.0,,
0c1441da57c9449277e4708c639d86bf,77,,,,28.357705966714327,28.7,0.0,0.0,0.0,,
c55f19d880a0285ee9827ab448304389,77,,,,23.3411502855562,21.7,0.0,0.0,0.0,,
ac34b62a14f460df627728f4734e1cf5,77,,,,20.081752600981044,20.2,0.0,0.0,0.0,,
36e83429410a0457e743301532bc6b4d,77,,,,24.004365811812466,22.8,0.0,0.0,0.0,,
a2ddaf1e75e025e45d6c051ef9420109,77,,,,28.384123789488623,29.2,0.0,0.0,0.0,,
f4cc1c3d08af1143576962ae34711189,77,,,,27.423028899507205,26.6,0.0,0.0,0.0,,
c31c7b3be58ba1be8439a68b8d1cdb3e,77,,,,26.99966862618026,30.7,0.0,0.0,0.0,,
70b055834f9d875ec82ea46d003acbfd,77,,,,27.2228121609269,27.9,0.0,0.0,0.0,,
2a1935c41e1350a5bfc34e1be404b270,77,,,,22.761214762531363,24.6,0.0,0.0,0.0,,
c618dcf833ebb7e3831a15c90885f863,77,,,,20.57882705484814,31.5,0.0,0.0,0.0,,
b5bfa12168b2d3c76c1b8db537c7551f,77,,,,25.937469215603684,26.6,0.0,0.0,0.0,,
24523d8b71495798aab61ffed6d9ec79,77,,,,22.73659212328638,26.9,0.0,0.0,0.0,,
ceffc7397ddb180c1b23607dcdb8d31c,77,,,,20.426757652025067,20.8,0.0,0.0,0.0,,
90464127b8749434974405f7ac3d9b50,77,,,,19.422765717330154,20.0,0.0,0.0,0.0,,
299b1d4b27d8ba6157cbe190fb8e926b,77,,,,23.240957180981486,31.3,0.0,0.0,0.0,,
1972b3fd6d6b5b05a50cea25f655d769,77,,,,27.730049004509954,29.5,0.0,0.0,0.0,,
22c820c1294065c6e8c9cbff5082a321,77,,,,28.102826925450096,29.2,0.0,0.0,0.0,,
38db61aac54b9ebd35a8357daca2e692,77,,,,26.05955534789298,26.3,0.0,0.0,0.0,,
3441a2ca9950f17d4bbb18cd4abcb44e,77,,,,27.294938632701324,29.1,0.0,0.0,0.0,,
2ee71fb6b2e4000a2811c4bb6c930d00,77,,,,22.138102239924756,21.9,0.0,0.0,0.0,,
2a0581f98ddf8d1bd9b272671c0f3500,77,27.187439003450436,29.543902465706957,31.088767769519666,24.0337924398398,31.2,0.12987012987012986,0.0,0.0,yellow,2
d77a03b804c0885d2af9a151abf53d00,77,27.783809929531365,29.067861635005837,31.60995378106897,22.867361196158612,32.1,0.09090909090909091,0.012987012987012988,0.0,green,1
afeeb74159965cff1c10a989c78568da,77,26.514451776117635,28.618722726991507,30.137714070385094,20.30738718308862,28.0,0.05194805194805195,0.0,0.0,green,1
317868d12e7d6a6392dc9e953cd76b26,77,27.157249132978706,28.55468862306641,30.82984959854167,25.29083781494219,30.0,0.05194805194805195,0.0,0.0,green,1
d8403ae77692fad7a25248e989a9ba9b,77,26.704553727058503,28.400854923771117,29.25631381204223,28.584087632202674,30.6,0.0,0.0,0.0,green,1
2d46d5fa491bb465d563ba34d492831b,77,26.097245767262173,28.013076302578938,29.934914274107225,27.03913142381739,26.9,0.03896103896103896,0.0,0.0,green,1
789dc7c71bbc88902d370a537f353017,77,26.137597556313082,27.740104807331768,28.882099527095896,23.19247845807016,27.7,0.0,0.0,0.0,green,1
ffc5658fff8c2e604a52423eddd7eeb2,77,25.912265402219397,27.335368824277026,28.361273125359823,22.540445057020072,28.1,0.0,0.0,0.0,green,1
aac50879c689c4f126459a5eed90e54e,77,24.897030851773245,27.33109162086414,28.537623402738323,23.257276888941306,25.1,0.0,0.0,0.0,green,1
281d6a1598190a99e0e6252e193d3eaf,77,25.217911507256737,27.239858205679397,28.46162617956592,27.323672542830163,26.4,0.0,0.0,0.0,green,1
cd94dc04783f783950dee568da3b6b81,77,25.16836967660866,27.06698892707577,28.567824213023584,23.077717211801964,25.8,0.0,0.0,0.0,green,1
9b2f4663e3754d7d37b088e79c7f4382,77,25.306656397683195,27.016850788658093,30.04565928839179,27.45345256932696,28.1,0.012987012987012988,0.0,0.0,green,1
4642cc1935b4dee44f08ea539bba1b88,77,24.478746873801928,27.00408671630752,28.722085920923295,28.44906500749221,28.2,0.0,0.0,0.0,green,1
533875ed409d25427f53e10c5123dced,77,24.128515005738652,26.300980469484735,26.969132181973777,26.745300495409346,25.3,0.0,0.0,0.0,none,0
0d38916cebf4567142c91adcf96f94c1,77,25.02722737695867,26.213382968453672,28.18634286623529,25.528469115442487,25.9,0.0,0.0,0.0,none,0
9a671c6cba75806515ebfaadfa2c3cee,77,24.247904550490883,26.08183702023155,27.707568766761707,26.707223877272167,26.2,0.0,0.0,0.0,none,0
0952846bdb3c7b0568a352382351b55a,77,23.81742367336402,25.476928911698078,28.24321240430628,19.705974905380454,23.6,0.0,0.0,0.0,none,0
b60a959e09b723c7d1a63cd93c381bde,77,24.351495643906034,25.4113016218167,26.12208704832434,26.70048987823807,28.9,0.0,0.0,0.0,none,0
5ea8343a98f0d8a7f1357eef58f81c31,77,21.073907818932902,23.645158552839323,24.414783158121196,24.95998271357209,23.0,0.0,0.0,0.0,none,0
135faa1b6326f04f90127072b93877fe,77,21.385893161068136,23.46717909643396,25.19902978745904,24.856711361137812,22.6,0.0,0.0,0.0,none,0
1168634e6c16ee9ea5bb0c094836d645,77,20.267896661154726,22.547882598907837,24.961204845390554,26.24042826558476,24.5,0.0,0.0,0.0,none,0
280ec3b75e4c8168af659d32f1f9540e,77,20.059979454587552,22.387423062975763,23.38332159958643,26.319867051558994,24.5,0.0,0.0,0.0,none,0
1235e811e24cd43ef99cacd652ed9931,77,21.027406474284533,22.20395245535836,22.993450584069496,23.530609861763256,21.9,0.0,0.0,0.0,none,0
4d1071569e91e54d7c9d181b0e6d764f,77,18.56413578226844,20.421521330898234,21.70645839823643,21.731815179407924,20.8,0.0,0.0,0.0,none,0
efdb6c54b883a62158cf6eba1c8a830b,77,,,,23.16065526897849,31.5,0.0,0.0,0.0,,
19391867d150c30e8f210f39bf001e96,77,,,,27.567179606621945,28.5,0.0,0.0,0.0,,
79a1fd3e75890e412964433f5ef6c748,77,,,,23.638204189479893,22.5,0.0,0.0,0.0,,
13e859563fb4909b3c7201d7fb7fbf9b,77,,,,23.98904072259317,23.1,0.0,0.0,0.0,,
b402b2b5758b1b53caf525099ecbe213,77,,,,24.591165167370054,30.9,0.0,0.0,0.0,,
5ce254fb7db03273b87665de5f512b9e,77,,,,23.64714412009585,21.7,0.0,0.0,0.0,,
0ff6d32f33f28e86db4ca76c6d9f5df8,77,,,,27.976910065195494,27.9,0.0,0.0,0.0,,
15a240e56968972fef8f3861d265b9bb,77,,,,22.275907423911253,21.5,0.0,0.0,0.0,,
969f80246cce9ae9acb75755a9c79e6e,77,,,,19.4091035090185,20.1,0.0,0.0,0.0,,
fff41df0cfc752cb26d62813cd416e35,77,,,,25.558067277457464,25.7,0.0,0.0,0.0,,
ea05f8f6f31cb0e4df59019ddfc27cbc,77,,,,27.211607822097314,28.0,0.0,0.0,0.0,,
a61a623b41e6d194fbe17c41f947014b,77,,,,20.02201497601037,26.5,0.0,0.0,0.0,,
3d0a7653a97ae297163244ca758aa641,77,,,,21.697187456753845,21.4,0.0,0.0,0.0,,
044ef46c71683d762a503340b14ccd7a,77,,,,23.984844803092884,22.6,0.0,0.0,0.0,,
9dedc5b698d71d325fd778c39bb7576c,77,,,,25.56373357408916,24.9,0.0,0.0,0.0,,
b4956441e0add567150a6ba6d07b005e,77,,,,23.3411502855562,21.7,0.0,0.0,0.0,,
65f59df332f1332ccd6c646f832a21b7,77,,,,27.116561528291044,30.3,0.0,0.0,0.0,,
eba812d4a2a8eefc3ece0fe83f490f28,77,,,,22.98056955547032,30.7,0.0,0.0,0.0,,
8667649a03e908055bf76fa867acfc9f,77,,,,25.342149520142808,31.0,0.0,0.0,0.0,,
210d797970f18cce7bd1fcb58a752231,77,,,,23.483379335363324,21.8,0.0,0.0,0.0,,
fa2186ae50f8e015cc2b6b3d524ba9c8,77,,,,21.409390319526985,20.9,0.0,0.0,0.0,,
9c32e8d58d297940f95d62d20dfb6410,77,,,,26.7690230632256,26.9,0.0,0.0,0.0,,
b6769977dc86e699e74dd9dc3a2303c5,77,,,,22.06819600972641,25.5,0.0,0.0,0.0,,
ac408ad3bc061ccc8f3fb1e9a533dc17,77,,,,26.401581020824725,31.0,0.0,0.0,0.0,,
fadf768eabe1e5c2937ac9463a39549e,77,28.807810322843167,30.156051992684844,31.425044119672485,25.3793938140914,31.2,0.2597402597402597,0.025974025974025976,0.0,yellow,2
b56ed1c3ef1668ca5606e5710a8cb840,77,27.300556313467208,29.517158995441477,31.016468005963475,26.251653702286866,30.0,0.11688311688311688,0.0,0.0,yellow,2
acb6a465c45c691c695fdedf3f7a8b9e,77,27.382708998139613,29.485730190582892,32.06635466861962,27.509885480890187,30.4,0.14285714285714285,0.012987012987012988,0.0,yellow,2
94461c4eadea12ade32f99ad75ece755,77,26.961432991388882,29.24581044239654,33.13337776397215,29.538258325157535,31.1,0.1038961038961039,0.012987012987012988,0.012987012987012988,green,1
c22c4e5825bf0ca5cff468893882587b,77,26.186128734523862,28.754217046386696,30.137714070385094,23.646051519942336,27.8,0.05194805194805195,0.0,0.0,green,1
9da04fb09f4996302c6922adcebfa516,77,26.87707802905402,28.669954928302,30.617534812629934,28.622986925712794,30.8,0.012987012987012988,0.0,0.0,green,1
0baf1b42a434fce344acec80f715dfff,77,26.514451776117635,28.622866244195365,30.137714070385094,23.506384821253754,28.6,0.05194805194805195,0.0,0.0,green,1
683754394b20b2133566553e054b075f,77,27.07974040615797,28.525884957961036,29.81299711907422,22.776353431152465,30.6,0.025974025974025976,0.0,0.0,green,1
ae01df91008e15d6fb3be28a6f4a7854,77,26.54456042081275,28.52315548927151,30.992239813669595,23.71997645508363,28.3,0.03896103896103896,0.0,0.0,green,1
aac45a45dd103f3c09da132054a483f3,77,26.61460929858657,28.48541464180665,30.07128645736658,23.111399738630045,29.1,0.03896103896103896,0.0,0.0,green,1
705d3cb3b31ef5857790a1944158b85f,77,26.662173161816575,28.48541464180665,30.07128645736658,27.19104676639684,29.1,0.03896103896103896,0.0,0.0,green,1
0e5bfd731c78a3f7f5072f1b529c860d,77,26.420031809704557,28.48541464180665,30.07128645736658,27.143134216467768,28.2,0.03896103896103896,0.0,0.0,green,1
31bb489f7e237b14b084e18b16ad74ee,77,26.526812163601136,28.48541464180665,30.07128645736658,27.143134216467768,28.4,0.03896103896103896,0.0,0.0,green,1
bc6c57cf67449e0fb8bb1b70a3475ae4,77,26.506550469922246,28.43165643464684,31.95966743080922,22.972842394751698,28.8,0.03896103896103896,0.012987012987012988,0.0,green,1
d387bdf9b1db1c745a19be2b4a465e01,77,26.506860645204526,28.335821559139532,29.70606054470153,27.091444357980894,28.8,0.025974025974025976,0.0,0.0,green,1
43346b630103b378ee75592d3f38f10a,77,25.89483521882246,28.027997857169442,29.5031148450317,22.736816718205425,26.1,0.025974025974025976,0.0,0.0,green,1
3b4c1cb6252516e5d2436d1c96f747c7,77,25.997720503954724,27.845294354470546,28.567521214535105,24.684992775431805,28.0,0.0,0.0,0.0,green,1
8352bd9b7773bbda85f87d52f16a560e,77,26.350972870300396,27.548526063027825,28.788331632368315,22.71705251498216,28.6,0.0,0.0,0.0,green,1
4617c190c02d08a34b31f6cf92148a88,77,26.269909164386124,27.516056604133908,31.95966743080922,22.512973491552977,28.6,0.012987012987012988,0.012987012987012988,0.0,green,1
7c976eeb1ce03a7a51cb41dfd9ad77f8,77,25.9463558318532,27.261488268186863,29.073542110011577,28.24255098997237,30.0,0.0,0.0,0.0,green,1
b7e00a2d67894fbbc346820542ce13d0,77,25.69334159355455,27.194223437835415,28.37349930415634,27.242389340389288,28.4,0.0,0.0,0.0,green,1
249cd77e18007f50056f4284e2ef5116,77,24.55092521626622,27.027919375461895,28.06511880181149,25.78760536459355,24.9,0.0,0.0,0.0,green,1
172bf7bbdd42626f5fdf344559570f2b,77,25.496379877512805,26.8374186696097,27.521012363652005,28.03945494721468,30.1,0.0,0.0,0.0,green,1
db33e6caa7c77ff0dc0ca7080754cb35,77,25.164000585856908,26.54403335191596,30.04565928839179,27.084685779210382,27.9,0.012987012987012988,0.0,0.0,none,0
5904075e4d2d4ffcacef70acf737e959,77,24.43152105259616,26.409168604206755,28.304997322760222,22.84838186822847,24.4,0.0,0.0,0.0,none,0
017f6709a99af6742ce6345e0c426fad,77,25.04262219589225,26.276728566147852,28.22225418443241,25.995282244705056,26.6,0.0,0.0,0.0,none,0
03a7d2acdb381b0b07600b3d1d1663a5,77,24.6458132363826,25.942374430792405,26.403995081380135,19.009241424933276,24.1,0.0,0.0,0.0,none,0
2b3dddf736a4b19b0a23586b3d9ec869,77,24.72117153567125,25.704764898616883,27.7892392538435,25.55890289259075,25.8,0.0,0.0,0.0,none,0
a0300537e66195bb9df0c9140c2b937a,77,21.073907818932902,23.429956050932322,24.269255948890727,24.872233687574006,22.9,0.0,0.0,0.0,none,0
a55391ad41667160eb1d8a202a460cb0,77,21.583746126899964,23.32544661956579,25.762170192527467,24.6669606638692,23.4,0.0,0.0,0.0,none,0
37bfae92fc40a6894d778f80b799cd96,77,21.555527295173757,22.865566044503673,25.762170192527467,24.343662197544642,23.3,0.0,0.0,0.0,none,0
af8c3393bae70a01c6ad9dcf10f5110b,77,19.68383930191073,21.904945933228934,23.630977469328172,23.402650851904674,21.0,0.0,0.0,0.0,none,0
bdd767742a4e04360f91eba82efb4cb8,77,18.56413578226844,20.421521330898234,21.70645839823643,21.731815179407924,20.8,0.0,0.0,0.0,none,0
577fe530bc9ae63a4d9424db29a0a490,77,,,,19.69718409707591,20.1,0.0,0.0,0.0,,
9f8a110f623e511be347fe0005157287,77,,,,25.63062627167826,25.7,0.0,0.0,0.0,,
0d9f34bb4ed5fbb6f3f0d6ee95aec07a,77,,,,22.824091525486956,24.3,0.0,0.0,0.0,,
94c6922d6b35b4b65b4f7d0c31a275ae,77,,,,27.45937569434621,29.1,0.0,0.0,0.0,,
00cce3b49d2f307051f3914df2fee1b2,77,,,,20.496610895282956,20.8,0.0,0.0,0.0,,
dc7baae4ebba55b9f9c6143dca63b6ba,77,,,,23.202459353630214,24.8,0.0,0.0,0.0,,
0ee5b55067a40210b4908a9093e97ad2,77,,,,26.02020541169508,24.4,0.0,0.0,0.0,,
cd5b76b179228c98727efb9a115acea6,77,,,,23.703263644285865,22.3,0.0,0.0,0.0,,
33a6c3b1f1bb1245e400bca25febd0a4,77,,,,22.444151455343803,30.8,0.0,0.0,0.0,,
a010173b71be7ce750dfd924e4ff8a57,77,,,,27.019099737461435,30.3,0.0,0.0,0.0,,
188448da4bcd3135a732877c874a645e,77,,,,25.767043758765244,25.8,0.0,0.0,0.0,,
0dfaf8e0e0c88d678d26cf95b0b09427,77,,,,23.09334502036603,22.6,0.0,0.0,0.0,,
2c4543370572b329d8bd386d2649c7e2,77,,,,27.385231436681792,29.2,0.0,0.0,0.0,,
c75e4d01d3925f166654dbf2b822399b,77,,,,20.740036890935446,20.3,0.0,0.0,0.0,,
134b025140e48b9c35fa5c319d463943,77,,,,27.850731939898534,27.6,0.0,0.0,0.0,,
8a5bace1bde539aae9d4cc8405e30698,77,,,,21.99550377442022,21.7,0.0,0.0,0.0,,
6a0255dd039f8bcac8d7d2a0a6a093b8,77,,,,20.56984358528998,27.2,0.0,0.0,0.0,,
672ace9bc7eca24ae996a07f706d6667,77,,,,27.788340890337707,29.2,0.0,0.0,0.0,,
00456f1991838c8764dfad4c96595e2b,77,,,,27.02841090946269,25.7,0.0,0.0,0.0,,
5a4c7e39cb082dbba1af4a2606abaa94,77,,,,27.36444372429457,26.7,0.0,0.0,0.0,,
6321d94dae2c4a53c44386379b787a60,77,,,,27.04096961979908,28.2,0.0,0.0,0.0,,
d9b601c58d508c275be3490bf5acc409,77,,,,27.758085639220766,28.2,0.0,0.0,0.0,,
b1572fa37a58b804cba9647a3eccf3e8,77,,,,29.002715355944154,30.4,0.0,0.0,0.0,,
e555a7059e85c5674de3def388b0f045,77,,,,23.017679039743165,24.4,0.0,0.0,0.0,,
c06a390466e8be49ae5f1953f31df8e0,77,,,,23.017679039743165,24.4,0.0,0.0,0.0,,
a0a5caeb080e96959b3cd74575384e5b,77,,,,25.401905390986414,25.1,0.0,0.0,0.0,,
40938229c93eb3c88fdb994ffc25cbd1,77,,,,27.03062128379395,25.7,0.0,0.0,0.0,,
5f6c055661a7bf577fcd8557052f36b5,77,,,,25.523647510208633,24.9,0.0,0.0,0.0,,
6bc132d723a0c20dc527e5ffd1760281,77,30.01028293458109,31.938097469986527,35.556345398717795,31.730481508582375,34.2,0.6623376623376623,0.2077922077922078,0.09090909090909091,red,3
735027bfdeb71be2717913bc2b6542a6,77,29.54575088907211,30.85090549426623,32.738522890782804,25.330244539182885,32.1,0.5324675324675324,0.07792207792207792,0.012987012987012988,yellow,2
0fb3b80601b2da64a213410ca4229488,77,28.57969091496484,30.34246081341575,32.20867304061888,25.40559000099558,30.7,0.2597402597402597,0.06493506493506493,0.012987012987012988,yellow,2
f22b23f408a5bcd5c0a30c715c5e5158,77,27.336865024665357,29.900733888549986,30.85718250976833,23.478074949921105,30.4,0.15584415584415584,0.0,0.0,yellow,2
7d5889926f54dc7674368c5f7fcbe926,77,27.304649304674573,29.900733888549986,30.85718250976833,23.478074949921105,30.4,0.15584415584415584,0.0,0.0,yellow,2
58dad5c752c0319d14dde14875c6c60a,77,26.879154973974686,29.475685962888903,30.54033066870082,29.89194098449844,31.5,0.11688311688311688,0.0,0.0,yellow,2
29bf9ee91bef48b5c3e388fa00e6d0ec,77,26.662173161816575,28.48541464180665,30.07128645736658,27.19104676639684,29.1,0.03896103896103896,0.0,0.0,green,1
cfde508b5f6a7e9ff29a09f416d614c6,77,26.420031809704557,28.48541464180665,30.07128645736658,27.143134216467768,28.2,0.03896103896103896,0.0,0.0,green,1
e65b838d09daec431f1c458ce64dcea5,77,26.54341645304201,28.48541464180665,30.07128645736658,27.19104676639684,29.1,0.03896103896103896,0.0,0.0,green,1
b1d9e13eeb94c640bf69949483cbcb6c,77,26.346785657310647,28.464189943211224,30.10159830840564,28.171745763072636,28.6,0.05194805194805195,0.0,0.0,green,1
a6d1644a758b15049fe3bbaef1cfa2c7,77,26.40433345478595,28.276817783196414,29.74501168488784,25.594105255525665,27.2,0.03896103896103896,0.0,0.0,green,1
f17acbc45bc2e30f143844aef4da65bb,77,25.11536276881608,27.906374399109,29.519500792994783,23.065322277291077,25.5,0.025974025974025976,0.0,0.0,green,1
a3834b090ec31e82fa840707cbe6dd02,77,25.288771957216984,27.376789323131906,28.495712639845497,26.817581488354016,26.0,0.0,0.0,0.0,green,1
960bf41f1737b885aa8e70ded80ad96a,77,24.989211389206577,27.376789323131906,28.495712639845497,26.819539668782188,25.7,0.0,0.0,0.0,green,1
7dbfe4b15b0175b8832df51765c87e36,77,26.10058611842507,27.283521864127692,31.95966743080922,22.448778086856564,28.2,0.012987012987012988,0.012987012987012988,0.0,green,1
039ff6e0afdccfe98c72839bed1b9a1c,77,25.936783327325585,27.1560812136724,28.788331632368315,22.503551816466555,27.6,0.0,0.0,0.0,green,1
c9b8346f05acbdf32be01eca8acb8ab2,77,24.33781078055146,26.947818502098226,29.05630500808786,27.41684846245264,27.1,0.0,0.0,0.0,green,1
9b0b8d69aca24f381b16023403a6bda4,77,24.698265137110297,26.777612124987865,28.228756691312128,26.91121704285515,24.6,0.0,0.0,0.0,green,1
9cc371ad442102fd9335ffb3ada05417,77,24.59351189742258,26.439859520981216,27.929964776298483,27.801383862742334,29.3,0.0,0.0,0.0,none,0
c530b45111a544b312a7f8ffb44bcc2d,77,24.126762795971,25.698388116239066,27.707568766761707,26.364423086764322,26.0,0.0,0.0,0.0,none,0
26b162646037e1a9f460a7042646d44a,77,22.726313880098367,23.950502110134124,25.193527437857295,25.10453536483313,24.2,0.0,0.0,0.0,none,0
9cdcf7391233df6edb5d71810d015f3d,77,21.67750486762827,23.348318309138197,25.762170192527467,24.801384338257122,23.6,0.0,0.0,0.0,none,0
6e06d9ac2c00bf5aefbdc2e196a4a20e,77,21.113066780654833,22.716166007964066,26.34508075944907,24.060234158858737,22.8,0.0,0.0,0.0,none,0
cd7280f23dadbe8faf539e7b7e1c4b95,77,20.267896661154726,22.6226193186907,24.961204845390554,26.198144986445158,24.5,0.0,0.0,0.0,none,0
067dbd35e31251d1170dba91631408a7,77,18.56413578226844,20.421521330898234,21.164737522172498,21.67338362746793,20.8,0.0,0.0,0.0,none,0
3420a8a346dd209511480d7e064f3ea4,77,,,,28.228632074367773,29.5,0.0,0.0,0.0,,
24b8277bc9609733353e71781b051398,77,,,,27.35330915543775,31.5,0.0,0.0,0.0,,
1d14ca6d84c716258b0996811c14c794,77,,,,24.50935687704508,30.8,0.0,0.0,0.0,,
0d9ef455bc775513fd80dc330f9bebe5,77,,,,26.928031099305887,28.1,0.0,0.0,0.0,,
5141b550e61c7ae737729621fd911802,77,,,,23.567429197321275,22.3,0.0,0.0,0.0,,
ff500f02bb9e394120d6c81a56c54083,77,,,,28.383914600078885,28.7,0.0,0.0,0.0,,
1a052e7b933b2f8c740596b89b961962,77,,,,23.67742607603319,22.5,0.0,0.0,0.0,,
282fb4fd1736ffb8c2ff83d52f799e70,77,,,,28.19650378164546,30.4,0.0,0.0,0.0,,
1a3563e31b7b6318be92cbfac143c8d2,77,,,,19.85722282331207,20.3,0.0,0.0,0.0,,
11dac206a46e28068e60b572eb4745a3,77,,,,24.943689792072924,30.1,0.0,0.0,0.0,,
3bf9548e7682fe4521c68f66288a8754,77,,,,23.984844803092884,22.6,0.0,0.0,0.0,,
d528b7b3371d6b517fb1dee1a2b3c766,77,,,,27.24295440539039,28.7,0.0,0.0,0.0,,
c11a3d13bc0f347443be1237a595d4fa,77,,,,19.838557337556228,27.5,0.0,0.0,0.0,,
829f8ef2150292eab4c60bd40c7ec719,77,,,,28.094484250654222,30.1,0.0,0.0,0.0,,
045493c1fe20181be15b21606d2536e9,77,,,,27.747621774952357,28.5,0.0,0.0,0.0,,
f823d49890653827ff747f3e2709ac44,77,,,,26.172877426369784,26.7,0.0,0.0,0.0,,
17e1e8172ad3505ebb8da4e12fbcbdfb,77,,,,26.498895632122252,26.6,0.0,0.0,0.0,,
1a6b11d1e4b6a70e93bcf19968a7e8fa,77,,,,28.489820634428874,27.9,0.0,0.0,0.0,,
4e6dee2820a8475158c0a1f00f0ffb07,77,,,,24.68449287421053,31.0,0.0,0.0,0.0,,
360f6d2a6dfe966ceba8605280c03e8e,77,,,,21.905184409710003,21.1,0.0,0.0,0.0,,
3fa4d34aedbbe09b9021c4b80bb802e2,77,,,,25.522447939035793,25.2,0.0,0.0,0.0,,
0fc39fc3e11d129f6c05ed290c87a6e2,77,,,,28.223510245812513,28.9,0.0,0.0,0.0,,
d995b14a56310e9681cd2b47dd974650,77,,,,27.344273995101616,26.8,0.0,0.0,0.0,,
7611f43af29138d9d82dc901aaf3eb4a,77,,,,22.105475285383168,21.7,0.0,0.0,0.0,,
d6e33715e705b36ac8b1e47dd2361eb1,77,,,,26.598541832595167,26.9,0.0,0.0,0.0,,
8cf5e257e41f381185b064ef304b8799,77,27.31840814393538,29.825992298450004,31.1074076768444,23.514192490131798,30.5,0.15584415584415584,0.012987012987012988,0.0,yellow,2
bf946afe0b45d77630816dfdbf0ab634,77,27.304649304674573,29.688051745049034,30.85718250976833,23.412370827991204,30.9,0.12987012987012986,0.0,0.0,yellow,2
7b05682ab336ae32e41834a5b93621ba,77,27.101773349930887,28.827504497293,31.829576275231233,23.086443937056195,30.2,0.03896103896103896,0.012987012987012988,0.0,green,1
b47668e5a6007189626bf62fa32b99e8,77,27.162261452866385,28.512526786932934,29.81299711907422,22.867361196158612,30.6,0.025974025974025976,0.0,0.0,green,1
ecd714750bf5b9f01113b23a74972761,77,26.526812163601136,28.48541464180665,30.07128645736658,27.143134216467768,28.4,0.03896103896103896,0.0,0.0,green,1
8b71c90d7cf4dc5d7c6dc6ab4cbe2892,77,26.526812163601136,28.48541464180665,30.07128645736658,22.878980064910934,28.4,0.03896103896103896,0.0,0.0,green,1
06f1d5263f444f020210939f1fb8fc61,77,26.342849370687976,28.009883789284462,31.829576275231233,23.1623005648277,28.0,0.012987012987012988,0.012987012987012988,0.0,green,1
f9e4fcf2b3af051b38750010933af8bd,77,26.500587873657977,27.808840057863197,30.56273200734508,28.65827841888286,30.8,0.025974025974025976,0.0,0.0,green,1
8b18b5dc6730d8d58b88520f6421bcd9,77,25.957808914189883,27.533588261392673,29.685225246775865,28.504860871059382,30.1,0.012987012987012988,0.0,0.0,green,1
3af4711b795defd2012dd0f6505e2631,77,25.090734966693926,27.44429805804753,28.495712639845497,26.988698720546388,25.7,0.0,0.0,0.0,green,1
e5f4b3258e121e7c8deb262d8348ee63,77,26.13802168414377,27.407226747359452,31.95966743080922,22.448778086856564,28.3,0.012987012987012988,0.012987012987012988,0.0,green,1
1b6e61d7f46843f5165bed681b7228a4,77,24.86960707180508,26.99351357945024,28.537623402738323,23.257276888941306,24.9,0.0,0.0,0.0,green,1
61a4a689ba1d60953ac66fd8a790d8c0,77,24.6183855157447,26.853954067274152,28.22806706893582,23.03852045640848,24.5,0.0,0.0,0.0,green,1
3c7e9c7acc0ea2f90eb9726e3defba8b,77,24.649492297964095,26.439859520981216,27.929964776298483,27.71794328509102,29.5,0.0,0.0,0.0,none,0
72ea8b93ecfd926bd2ac54a2b0a79353,77,24.288823468654833,26.15584097161257,27.707568766761707,26.707223877272167,26.4,0.0,0.0,0.0,none,0
3810fdaabc316c4702a04f7f0b7ba0a9,77,23.354562332163045,26.112671112190245,28.715394363670033,26.63600253511768,25.4,0.0,0.0,0.0,none,0
0dc4b2d14cf6e1824f2276c8bdd0c147,77,24.374209035618996,26.0131235869494,28.669970014721848,26.54748178187658,27.1,0.0,0.0,0.0,none,0
6016df1e902ee866d0480b4249461fe7,77,23.987211468829095,25.964565868076605,27.579244897384093,22.909961497012468,23.3,0.0,0.0,0.0,none,0
eea612f1f7dd110d4dfafb54a75cd712,77,24.532865818946185,25.478145828926632,26.674070162138758,25.82496347324779,25.7,0.0,0.0,0.0,none,0
a23bc2474c1ad4d8b5a38b357b6b6180,77,23.31730449053162,25.134537163953997,26.77981047066061,25.582205822252487,25.4,0.0,0.0,0.0,none,0
eb2454b5cccb2366169b4bb0c8c0001b,77,22.80523617515796,24.357345165077362,25.37953543811453,25.53779132408645,24.6,0.0,0.0,0.0,none,0
0b9556afae4197266e3d1e38e84394a1,77,21.13076425235758,23.3681257215472,24.99647968611522,25.600046830047695,26.4,0.0,0.0,0.0,none,0
90774092b029aefde35cffb800671c5e,77,21.11975607510226,22.452107140121825,23.491544816557095,23.926957656585852,22.5,0.0,0.0,0.0,none,0
70a497c3309ed3a7e8b63a74e4f44b07,77,21.259061926677013,22.33770970577486,23.549799714318965,23.950502110134124,23.0,0.0,0.0,0.0,none,0
18d3123d5559bfa2164c2bf681c25838,77,20.267896661154726,22.20101383715578,24.961204845390554,26.031457085155033,24.5,0.0,0.0,0.0,none,0
0709ae8b00813651dd6f327b3e270081,77,19.385624532364897,20.543478642364462,22.251806147239208,22.33742312794777,20.6,0.0,0.0,0.0,none,0
8686f9b2002f705a6aeafd6d641588df,77,,,,27.36225063100701,29.0,0.0,0.0,0.0,,
9cc8fc1e0885f2577ef11046e67326c9,77,,,,25.535480280447494,24.9,0.0,0.0,0.0,,
c99504bf7d5ca498b176183278377f54,77,,,,28.223510245812513,28.9,0.0,0.0,0.0,,
4f51ddd783d985af88b5747113d2b027,77,,,,24.68449287421053,30.7,0.0,0.0,0.0,,
940f4e62df9f074cc26cfd202a4fe21e,77,,,,27.578473363764445,28.9,0.0,0.0,0.0,,
b688e1573da19ee6a1b46a73b55a68cb,77,,,,27.122562049971982,26.1,0.0,0.0,0.0,,
3be13c8f5920e6a345507f0526e73c29,77,,,,28.942057572769322,30.7,0.0,0.0,0.0,,
ab25f8641b6b1f9164e9a413bdcc529f,77,,,,28.13187104243147,30.3,0.0,0.0,0.0,,
9849148c6a6c521bd30d5b09fdfd60a5,77,,,,24.943689792072924,30.7,0.0,0.0,0.0,,
c90a8f0162e51cbbda44771b75ac3651,77,,,,22.474330575283304,24.5,0.0,0.0,0.0,,
af192ecf184feedc3a8fa6b0febe0910,77,,,,23.406843995819923,21.9,0.0,0.0,0.0,,
75f1e5e177eb956dd2af9f2049bf3aa2,77,,,,24.918172264108414,23.2,0.0,0.0,0.0,,
9dc5a4e426f794e27e1ddf90de156e6e,77,,,,23.98904072259317,23.2,0.0,0.0,0.0,,
600d5bd4480e2360196af289707c8406,77,,,,25.342149520142808,31.1,0.0,0.0,0.0,,
28625102cb63604913d7111d38c01405,77,,,,28.02788040231324,29.9,0.0,0.0,0.0,,
7a68da20ee7e198ffecc65d55da71e1d,77,,,,27.019099737461435,30.7,0.0,0.0,0.0,,
278d0c1ab8cadc719077aa5e54317068,77,,,,22.076093277702466,21.7,0.0,0.0,0.0,,
5cba99885dfffc8efdce4d3af91f2a8b,77,,,,24.922594854247393,24.2,0.0,0.0,0.0,,
861fc99ecb42a867813d6403119f88b9,77,,,,24.277708339590752,22.4,0.0,0.0,0.0,,
55133c0857dcb0892a1589fac58a438e,77,,,,20.02201497601037,26.7,0.0,0.0,0.0,,
94a066bfb5ae08c587412e3520c00b1b,77,30.017454156480763,31.849420391673746,32.72855775110773,31.76425937585688,35.1,0.6493506493506493,0.2077922077922078,0.05194805194805195,red,3
70b622c46413bf52ef5dfb91a874a415,77,29.96939204819931,31.8058685619444,35.556345398717795,31.81190098651202,34.2,0.6363636363636364,0.19480519480519481,0.05194805194805195,red,3
bcbc0074e2f1928c4a77faf82eaa9ab4,77,29.902355317096287,31.555652050210345,37.81513336533655,26.89489474635778,33.0,0.6363636363636364,0.12987012987012986,0.03896103896103896,red,3
8cf5cf77cfd8576f58c31d3fb37f6ebb,77,28.807810322843167,30.34246081341575,32.65792909549264,25.478115653611205,30.9,0.2987012987012987,0.07792207792207792,0.025974025974025976,yellow,2
e78d765666e3c2bdafc33539f25a2566,77,27.89893907074622,29.09635884928856,30.064128311013146,26.86796457323883,32.1,0.025974025974025976,0.0,0.0,green,1
b1f94c1bc27245750f43f217973c980e,77,27.686205320865742,28.766448515178464,29.389933522438206,25.36391995731939,32.2,0.0,0.0,0.0,green,1
043d12e0291227c1bb9c101b5ac54610,77,26.18581836376787,28.585946107819225,30.07128645736658,27.223176932605956,27.5,0.05194805194805195,0.0,0.0,green,1
680707b513578ef9dc87f6379d762fbb,77,26.54341645304201,28.48541464180665,30.07128645736658,27.19104676639684,29.1,0.03896103896103896,0.0,0.0,green,1
ab85bf0cfd7bece985745b65520e27f2,77,26.526812163601136,28.48541464180665,30.07128645736658,27.143134216467768,28.4,0.03896103896103896,0.0,0.0,green,1
8f6250a517dfbc4ea52c8e75e97b2deb,77,27.072876300526545,28.477474718643705,29.334731555137363,22.855888117544126,30.6,0.0,0.0,0.0,green,1
2949ba23a83339b6b29c613662b52201,77,26.772985620214698,28.391763059175656,29.25631381204223,28.47980886932156,30.6,0.0,0.0,0.0,green,1
7d17d868cdae43436030cc5317987efb,77,26.659726519350475,28.278830189681155,28.970865822753623,22.454303060233094,30.1,0.0,0.0,0.0,green,1
d65200ca732d4da410d6b6379e034889,77,26.51081073218711,28.16080860931992,30.137714070385094,23.006534722281003,28.0,0.03896103896103896,0.0,0.0,green,1
6d49fccadd3d2ee1931552feaa16b6cd,77,26.728286145280006,28.132179862742795,29.445732530131284,25.526175258004454,30.8,0.012987012987012988,0.0,0.0,green,1
17fbf14f40130ac415d964f06adccefe,77,26.474781850774015,27.89519273441783,29.70606054470153,26.695403142283045,28.6,0.012987012987012988,0.0,0.0,green,1
b7f3c6e1d2cd9e62dc6dfb695f654df0,77,25.514160264694105,27.464208901081243,29.22638896497824,27.89656975413943,28.3,0.0,0.0,0.0,green,1
ce40f807f0d4ea41dd6e8882a5aa44a0,77,25.46422448013529,27.094998725288782,27.494389370951346,27.717548703057258,29.8,0.0,0.0,0.0,green,1
a39d45f83e7287d60ffdcf26e88b98a2,77,24.227830211261516,26.7016049284952,28.673535915406262,20.198024824148796,23.8,0.0,0.0,0.0,green,1
3143ff1f2ff1748b69443d2f45ad7b8c,77,24.649492297964095,26.585813574093418,27.929964776298483,27.801383862742334,29.3,0.0,0.0,0.0,none,0
0e30616c84cc7cfcceeda6eb37b08e74,77,24.599586076109766,25.84008242063671,27.546749189463746,24.096313075540234,25.3,0.0,0.0,0.0,none,0
3ca02b24ea3b65c4fa995f2553b008ed,77,24.560141264389806,25.815493694555553,26.9036626769928,24.161590991022997,25.3,0.0,0.0,0.0,none,0
2e8b329ab686e5c67f1a0446c27d51be,77,23.99345312671328,25.704691480547982,27.674350632349544,24.428614208168778,23.2,0.0,0.0,0.0,none,0
c66656dcd68cc8e9c94994c926c422de,77,24.206779140170667,25.641565327433895,26.801155554203586,26.888255262646197,30.0,0.0,0.0,0.0,none,0
717777819ea386a5a3c6c80e0530d867,77,24.351495643906034,25.424884806236122,26.12208704832434,26.753976019352436,29.0,0.0,0.0,0.0,none,0
e9975c5049c57fc9910803686c83ae31,77,24.312847916142715,25.241465964820406,26.975475945140406,25.44311055670989,25.5,0.0,0.0,0.0,none,0
9c341a9f10a99ab5be5b042925444547,77,21.18761093539648,23.645158552839323,26.34508075944907,24.903360446873343,23.0,0.0,0.0,0.0,none,0
c26f6d32686744f914b1511716d985f3,77,21.664274076285775,23.545227303977807,25.7773185301916,27.342319054179843,27.7,0.0,0.0,0.0,none,0
a52481f7e55b077787dfdbfbf07df9d3,77,21.685381895312773,23.419296446151005,25.762170192527467,24.814272399512852,23.7,0.0,0.0,0.0,none,0
a46346a197ee0d509fc6288e46eb8f6b,77,21.544321331702477,23.38252537049239,24.99647968611522,25.560281934972753,26.8,0.0,0.0,0.0,none,0
59930cbf6fcfc6e20a4eafc550d14c9f,77,21.027406474284533,22.336317253208115,23.43360708148704,23.471891063771817,22.0,0.0,0.0,0.0,none,0
157776af459ba4fbfe8d4f359ff98806,77,21.11975607510226,22.245988840470222,23.491544816557095,23.65752421658799,22.5,0.0,0.0,0.0,none,0
061b6e139e2433fbb2566a5de1724f9f,77,,,,25.578861111916453,24.9,0.0,0.0,0.0,,
d50bf83870cc7c3cf17ed9f97ce69331,77,,,,25.39709309853456,25.1,0.0,0.0,0.0,,
893d68e13a41b3abf2248b253fa476b3,77,,,,21.383834279055435,21.2,0.0,0.0,0.0,,
599f1251c6a02c2001d55c9a3981d20c,77,,,,22.667961048459052,24.5,0.0,0.0,0.0,,
84c918476071612b8b0a628f2a37280f,77,,,,24.50935687704508,31.1,0.0,0.0,0.0,,
0b1b71fa070b1af235dad12fcb44fa80,77,,,,25.035356334544243,24.9,0.0,0.0,0.0,,
d702c73071d6e120d3a6717b090261e5,77,,,,25.193529489954898,24.3,0.0,0.0,0.0,,
4fd20020d0f725054048dbca90922ab2,77,,,,27.110715044870624,28.4,0.0,0.0,0.0,,
4e6e4516c7f9ecff263d9734418a29d6,77,,,,23.51852933161502,23.0,0.0,0.0,0.0,,
e576937b0d6af135a77bdc995c583015,77,,,,23.830116174791087,23.1,0.0,0.0,0.0,,
b3430959782291ebd7a40ffb271da3ed,77,,,,20.296014074619297,20.8,0.0,0.0,0.0,,
6bbcbafdc3cc7c8ae477c716822b458f,77,,,,23.531093639748615,21.9,0.0,0.0,0.0,,
d2dc3d150caa5d160ec00c38e556975b,77,,,,26.206317239698762,28.3,0.0,0.0,0.0,,
27a4d2ce94dd619dba8683f30ad934b0,77,,,,23.215182924284473,30.3,0.0,0.0,0.0,,
661661e3cf48f5b1aeb1d3fcdddb0ac9,77,,,,27.73406440965956,27.9,0.0,0.0,0.0,,
9d511f0cf895f51f2b9b1e65c5621806,77,,,,24.943689792072924,29.7,0.0,0.0,0.0,,
55580311b70c1cdcb3cd9c3e687b4ab9,77,,,,27.62425697541768,31.5,0.0,0.0,0.0,,
bcd9591045c72fcac41a756baab84cbf,77,,,,24.911945995075346,24.6,0.0,0.0,0.0,,
f085ce2a0f446cc15e28495fa99d812a,77,,,,23.19925721388608,31.5,0.0,0.0,0.0,,
78721dd1e981d389b40a297fb34f6efe,77,,,,25.557524887309402,25.7,0.0,0.0,0.0,,
f6ee082f08230631ddd9019900448769,77,,,,25.523647510208633,25.2,0.0,0.0,0.0,,
c8b2fd1fe1e19e6e6d142c05c7287fd9,77,,,,27.25215072877598,31.0,0.0,0.0,0.0,,
5ecd3048bf2a323273b629354ebe1487,77,,,,25.41792118192401,24.4,0.0,0.0,0.0,,
c6fa20edb7efe3622e07546fe894ebcb,77,,,,21.757327635802113,21.4,0.0,0.0,0.0,,
4bde44d5ab70593e8de6774372ccf518,77,,,,28.107488007272725,31.5,0.0,0.0,0.0,,
6a00da769283635b938c6db4756a704e,77,,,,25.767043758765244,25.7,0.0,0.0,0.0,,
5e2792c7ec4d16cf1ec175315ec619ec,77,,,,22.73103905073519,31.1,0.0,0.0,0.0,,
5a41e7161ca6568905461f2edfa8a91c,77,,,,29.224968020956542,31.3,0.0,0.0,0.0,,
84e304614692334f343661974661e5af,77,28.505642013144488,30.377999790889895,32.65792909549264,25.373452092751045,30.6,0.3246753246753247,0.09090909090909091,0.03896103896103896,yellow,2
dd698bc420b274cc52c39e7e794fcc8e,77,28.102290011145655,30.159165097331513,31.61844993653087,30.079140488185317,31.4,0.24675324675324675,0.03896103896103896,0.0,yellow,2
f66a0d12a9ba5a372a8c16171222a546,77,27.442736762024555,30.014804202722214,31.058101032398493,27.887146416934236,30.1,0.19480519480519481,0.0,0.0,yellow,2
2b1170ca3fb809e650c769b98d4bda26,77,27.616264927488928,29.76570605870662,35.95142604886585,24.25645203143248,29.8,0.12987012987012986,0.012987012987012988,0.012987012987012988,yellow,2
37fc83e3281ecc763b900cb7bb4de353,77,27.623702147312887,29.680223053227323,32.16956324402848,21.001439038052045,29.8,0.11688311688311688,0.012987012987012988,0.0,yellow,2
ceb701dfdecc1ad3493cfb5df6370aec,77,26.865038635985755,28.92682624508066,30.992239813669595,24.25645203143248,28.0,0.05194805194805195,0.0,0.0,green,1
15a443d90745faab6d1f396e0079c3ce,77,26.799695223239304,28.48923345995315,29.25631381204223,28.622986925712794,30.7,0.0,0.0,0.0,green,1
7ab027e0bf3f866ba47ab39ac0c0511c,77,26.662173161816575,28.48541464180665,30.07128645736658,27.19104676639684,29.1,0.03896103896103896,0.0,0.0,green,1
91d4acf9e01eb7bfb142add6bfadb2a0,77,26.830883751921526,28.152246310603047,29.463832317961515,25.709157990769448,30.8,0.025974025974025976,0.0,0.0,green,1
f13854bcc351f46478ed755ed94d2c0a,77,26.500226509303747,27.851171380883244,29.445732530131284,25.526175258004454,30.6,0.012987012987012988,0.0,0.0,green,1
4044b8ed2e5d8fc89369378e7b555bc6,77,25.997720503954724,27.460595785660207,28.567521214535105,24.684992775431805,27.8,0.0,0.0,0.0,green,1
712387f69731a6d34f7fbfe3ad01db93,77,25.40684194551428,27.072996428881225,30.04565928839179,27.490951429496505,28.2,0.012987012987012988,0.0,0.0,green,1
b6cf6f550ed49e81a955a0ca9c9bc211,77,24.68307820633946,26.899659041629516,27.65779521529628,25.768786551195298,25.0,0.0,0.0,0.0,green,1
5dfaa8942c89e4ae267447c2bee73568,77,24.6864229843389,26.83923692542548,28.304997322760222,26.37344912709726,24.5,0.0,0.0,0.0,green,1
01bcb9eac7cf8b087842534739035033,77,24.77654527314013,26.04121019421259,29.26161749146014,19.31837304411879,24.3,0.0,0.0,0.0,none,0
89551bcf300dab650f9d0a4ffdd2f0c4,77,23.987211468829095,25.84637375042976,27.579244897384093,22.74399729283971,23.2,0.0,0.0,0.0,none,0
4d298e4205110df119e8b6adda4ab004,77,23.932366579842395,25.78760536459355,27.674350632349544,22.448181783593082,23.2,0.0,0.0,0.0,none,0
09abe3cfc58e04ea7139c8830a98c61d,77,24.73237787815977,25.77777746549838,27.17792950023292,26.45366276221029,26.8,0.0,0.0,0.0,none,0
c9dab7995f7d35cc991fc7be83b7d606,77,24.440081568577046,25.760202589605843,26.440794811098606,26.54748178187658,27.2,0.0,0.0,0.0,none,0
eeb1fd307c0504dac1a259f90d7c43a8,77,24.560141264389806,25.713510941976114,26.9036626769928,24.01108315958169,25.3,0.0,0.0,0.0,none,0
711ca6bae891c3dead0607131c130810,77,24.206779140170667,25.641565327433895,26.801155554203586,26.814009769468093,29.3,0.0,0.0,0.0,none,0
e86c62b607bafb743636291194b50212,77,21.583746126899964,23.362191220974847,25.762170192527467,24.7730783788111,23.6,0.0,0.0,0.0,none,0
876744cf3283a206d47607544a0f9c0d,77,21.612768411805444,23.27025255596226,24.99647968611522,25.531448292147218,27.4,0.0,0.0,0.0,none,0
ce203ad4af095c7d08b2b4d61a428419,77,20.267896661154726,22.20101383715578,24.961204845390554,26.031457085155033,24.5,0.0,0.0,0.0,none,0
9cf15d5ae62411cd70960909c2f985f6,77,20.02886695306458,21.742603432429124,24.109470988092188,23.53762871599596,21.8,0.0,0.0,0.0,none,0
121c9b2b0ed25b8cea07233e640da8d3,77,18.469124906992732,21.037335393189654,22.934560400879533,22.993574095193072,21.5,0.0,0.0,0.0,none,0
6545dd3c3d9e928b9560d84b640e44f7,77,18.104119401003764,20.60674870546623,22.934560400879533,22.831327549298454,21.0,0.0,0.0,0.0,none,0
7b870c51bcf02b7db2104fcc745651df,77,,,,21.234582353413163,20.6,0.0,0.0,0.0,,
e2194cbcec2a54b54b69a4aa1acd7516,77,,,,23.09701026141429,20.9,0.0,0.0,0.0,,
ac230ad708a85fccdccac35a2eef98b4,77,,,,28.291644794965222,29.5,0.0,0.0,0.0,,
6bd77a4d931a01c7ffa08ef513898aaf,77,,,,28.212400593657275,29.5,0.0,0.0,0.0,,
42776fa6467ef3b5bacc17cf8cbe0e86,77,,,,26.99966862618026,31.1,0.0,0.0,0.0,,
835857e4dca220b24506c693167a350f,77,,,,19.890747729396974,20.1,0.0,0.0,0.0,,
98f1ffe019685ed6e97a39a33cad88ec,77,,,,24.68449287421053,31.5,0.0,0.0,0.0,,
22d840d569e89cef9adb4f04c76cc723,77,,,,23.79121556696277,22.5,0.0,0.0,0.0,,
7b866970bf82bfe99baf9b187f791443,77,,,,26.374258644011192,28.3,0.0,0.0,0.0,,
8db8a7dad5ba666a0a39e31f5b76e823,77,,,,27.25215072877598,30.8,0.0,0.0,0.0,,
69f2c4faf9181573a0b1686039bad10b,77,,,,25.739932097843546,25.7,0.0,0.0,0.0,,
81c53f031866f91f6a7be97108542ab6,77,,,,22.350260421794495,21.4,0.0,0.0,0.0,,
0925229ad63d1b272725ea9274bae56c,77,,,,27.17202827891151,26.8,0.0,0.0,0.0,,
51284c786b192a00cbf52c4c082c95e5,77,,,,22.079909023541497,25.8,0.0,0.0,0.0,,
0dcba7cb8e6a52398b78fe1915d44f44,77,,,,27.019099737461435,30.3,0.0,0.0,0.0,,
a3e6c3b26134b9f819d07663cb76235c,77,,,,28.98424256240837,30.4,0.0,0.0,0.0,,
6787a7896eae50eda8796903a610d0d9,77,,,,27.652616062930136,28.5,0.0,0.0,0.0,,
afa21e92f65ff5e420593526ad66d265,77,,,,26.124957696613752,26.7,0.0,0.0,0.0,,
34c76fc7fdd18deba5c00b19d224a6b9,77,29.54575088907211,30.85090549426623,32.738522890782804,25.330244539182885,32.2,0.5454545454545454,0.09090909090909091,0.012987012987012988,yellow,2
fcb4fd18650d4b0fc1a849171514c987,77,27.54400129523508,29.415628234031725,32.06635466861962,27.33673815787188,30.7,0.11688311688311688,0.012987012987012988,0.0,yellow,2
5355ae09210dc9dfe425e7fbfa814225,77,26.6717381147674,28.91909922053587,30.839536914059863,29.561293110997447,31.0,0.06493506493506493,0.0,0.0,green,1
381efca004272b866ff598b626023df0,77,26.007594752471732,28.37968128761954,30.05029900251069,27.953757525754806,28.5,0.03896103896103896,0.0,0.0,green,1
e0570cee735e1b16972140178cc28d9f,77,26.17075983441666,28.276817783196414,29.74501168488784,27.143134216467768,27.0,0.03896103896103896,0.0,0.0,green,1
abcf071b5bb9ca6863716878e960163d,77,26.07318733668435,27.789597526806965,30.103354841919607,28.632160260509597,30.3,0.025974025974025976,0.0,0.0,green,1
a7845f593239f41199310fa474f23999,77,25.033904381705327,27.646738135440405,28.573116929488616,27.462593091847733,25.1,0.0,0.0,0.0,green,1
18be2b20e2ec1844639d47166682194c,77,25.383101612039855,26.875342708987286,27.521012363652005,28.00281233775687,30.1,0.0,0.0,0.0,green,1
cd245b9eed4279729a3e500ed73fc0c2,77,24.584613166625726,26.756304910178365,28.06511880181149,24.810627165343618,24.4,0.0,0.0,0.0,green,1
05a75bab48dc9ac558e1b1e5d72180dd,77,24.253802316251445,26.071973636437235,27.707568766761707,26.63992867499757,26.0,0.0,0.0,0.0,none,0
11ea30345db592929448a0fb0ef315d2,77,24.923153381583365,26.04121019421259,29.26161749146014,19.443768640505244,24.3,0.0,0.0,0.0,none,0
759592ae0a74db7b58f95e151435a911,77,24.79851811843698,26.018818084466833,28.060076464339286,25.85088353109048,26.2,0.0,0.0,0.0,none,0
adbf3222965b6a8a85697459f9e32e10,77,24.235544175546345,25.956077050679028,27.707568766761707,26.616481467443162,26.3,0.0,0.0,0.0,none,0
c3eedd6c746f1349c28183d6d6b3fca4,77,24.68451784681495,25.922542274561142,29.26161749146014,19.124087260712464,24.2,0.0,0.0,0.0,none,0
e16356dbb89260c7327b8ae50e52ccb5,77,24.440081568577046,25.818587870030388,26.554033567143705,26.52102912025402,27.2,0.0,0.0,0.0,none,0
79847351632672cb8abd30cbfde2e357,77,24.256796624486793,25.716491766654265,30.21040543677582,26.208425957401825,26.8,0.012987012987012988,0.0,0.0,none,0
9411cda4b9d639c8b646c8219d4fae26,77,24.56437713227671,25.713510941976114,27.546749189463746,24.092713619514665,25.3,0.0,0.0,0.0,none,0
39625caa8053d969959b404a5065287f,77,24.324576973222392,25.333590020290615,26.674070162138758,25.503866561821958,25.5,0.0,0.0,0.0,none,0
2eff3877318fa751f382e63660b18f07,77,22.325564204934487,24.753879654494153,27.663223167204,25.91962927544431,24.4,0.0,0.0,0.0,none,0
7445bbb9bba0fb4eda95041753c4cfe3,77,20.62785426884803,23.40282791559496,24.300515639256552,25.577552893548805,23.2,0.0,0.0,0.0,none,0
bb7c587360d2362fc84fdbae9fb5a2a9,77,21.608552541174873,23.12390184888932,25.762170192527467,24.56648634553388,23.4,0.0,0.0,0.0,none,0
931b6b6cec0cca49dcbc5531e88b571f,77,21.530005992154013,22.950606708333613,24.337104343749175,24.573534447287507,24.4,0.0,0.0,0.0,none,0
260e8d44de616c032b16027da7dd6718,77,21.45281562256601,22.950606708333613,24.08662425013794,24.56836480998961,24.5,0.0,0.0,0.0,none,0
5cdc106acc0fe06312d1cfe54ed044e5,77,21.555527295173757,22.865566044503673,25.762170192527467,24.343662197544642,23.3,0.0,0.0,0.0,none,0
75c1bb2877c60b7ca5eebf1eb164c177,77,20.00686578112462,22.24213417031309,23.848301137544375,25.941155690870453,24.4,0.0,0.0,0.0,none,0
6fbf02732468a333954fa4f01bc67283,77,20.980030387122312,22.117375220190997,23.43360708148704,23.354302923955217,21.9,0.0,0.0,0.0,none,0
5df50d17264a9fd9c838c0fb4295fabd,77,18.611453155487666,20.523134485729585,21.835465454963735,21.882708079536147,20.5,0.0,0.0,0.0,none,0
0de5716cc7ba5306692518b931d77f3f,77,,,,27.423028899507205,26.8,0.0,0.0,0.0,,
93be968635c1c881dc115e4a809e50d8,77,,,,27.082716785675313,26.6,0.0,0.0,0.0,,
3eff8caee55a1fdc9327275c1998ae29,77,,,,24.91258753691938,24.7,0.0,0.0,0.0,,
233d5faf48473656135964dafb82aee0,77,,,,23.361740068305927,21.2,0.0,0.0,0.0,,
4093b13e096f9311f30787fbfc1667e4,77,,,,23.23626396702316,26.7,0.0,0.0,0.0,,
41af56e4edefdecafb5cf5b711a68e96,77,,,,27.315964500601932,26.6,0.0,0.0,0.0,,
81f95b73cb057de78cf93b9182cd2099,77,,,,27.115072869819652,30.3,0.0,0.0,0.0,,
caf9ee0d0e9a1777e6f9b186c199daaf,77,,,,25.812424023131555,26.7,0.0,0.0,0.0,,
6004763e554373122b814c7c4b68687c,77,,,,25.143422790350478,24.9,0.0,0.0,0.0,,
3391ab30a14a5e8e5a760f82f6276a7b,77,,,,28.90755956463945,30.6,0.0,0.0,0.0,,
07eb034e10073f8fba737205f9ef8247,77,,,,28.843245708237156,31.0,0.0,0.0,0.0,,
be7402296f52cd82608d04309fe5051e,77,,,,24.997797974874278,24.2,0.0,0.0,0.0,,
09b64a1747e7d6a89855053e36d2d658,77,,,,27.152899897051704,28.4,0.0,0.0,0.0,,
fb6856e9029f26fea87845b9237deccb,77,,,,23.941271162280852,23.1,0.0,0.0,0.0,,
07982a0c7ea3d15edc43dee606aa7cce,77,,,,24.94358353680573,26.7,0.0,0.0,0.0,,
89a9424c73d71bc7c9e1d6b5bd4d6bd0,77,,,,22.98056955547032,30.4,0.0,0.0,0.0,,
8c3a1d64dc3a61d2c9a0e798c65d1ec7,77,28.587651333846804,29.763015877478594,32.738522890782804,25.407357074117087,30.8,0.2077922077922078,0.012987012987012988,0.012987012987012988,yellow,2
6c84b9596f62adf0c34fb2e4121b6a96,77,27.71196917428238,29.3800589273366,31.254107693655445,25.594191648802866,32.1,0.09090909090909091,0.012987012987012988,0.0,green,1
051f7863e212a5f7d01f01f554cd1f70,77,26.07548561812074,28.754217046386696,30.171240934555364,23.699091053845436,27.9,0.03896103896103896,0.0,0.0,green,1
c69fa352c1b2ca8ae6d9f6e49fc22144,77,26.95638091773677,28.716464947624036,33.13337776397215,28.99103386140772,30.8,0.06493506493506493,0.012987012987012988,0.012987012987012988,green,1
54a27f428f20f56420d1dcfe707e4abc,77,26.514451776117635,28.55193400271051,30.137714070385094,26.062832727110802,28.6,0.05194805194805195,0.0,0.0,green,1
660aad60767659f123bf6c535a272ae6,77,26.082773028344242,28.4360575529629,30.10159830840564,27.953757525754806,28.5,0.03896103896103896,0.0,0.0,green,1
550e5a60c6ed6583e66fe0571822c7cd,77,26.474781850774015,27.89519273441783,29.70606054470153,26.695403142283045,28.6,0.012987012987012988,0.0,0.0,green,1
905702a0a58fa384a4b8bde5884924ca,77,26.36587824836273,27.764750606439954,28.882099527095896,20.43436276792027,28.1,0.0,0.0,0.0,green,1
6d8f24a0c148f7d6d56c402942f6583a,77,26.500587873657977,27.733353584079353,30.105755325530517,28.584587764566233,30.7,0.012987012987012988,0.0,0.0,green,1
44a92b221f7f01b4cea5ccdbea759787,77,25.337182831055607,27.396890129361108,28.580688639565835,27.274911547977506,26.7,0.0,0.0,0.0,green,1
6e2d21b41a4b8f811192a1528230d2e0,77,25.530434005503782,27.22430562937333,30.04565928839179,27.60535983014777,28.2,0.012987012987012988,0.0,0.0,green,1
813da5a0e25bf797cede47e2be03bb46,77,25.16819861160543,26.823257015357733,28.228756691312128,26.883464430633296,25.5,0.0,0.0,0.0,green,1
56997018a387a0a45eb586004642ebed,77,24.828966992175527,26.586791641321142,27.65779521529628,25.704691480547982,25.1,0.0,0.0,0.0,none,0
046912336d807b89e799034b45e94aa2,77,25.160769882062358,26.54403335191596,30.04565928839179,27.12920245229797,27.9,0.012987012987012988,0.0,0.0,none,0
40adf4298e68d2676037d8dd8661a2a6,77,24.275997465576058,26.363846952456583,28.669970014721848,27.22109784513083,27.2,0.0,0.0,0.0,none,0
54f530a559466286eac3e58f90fe355b,77,23.354562332163045,26.0978362074364,28.715394363670033,27.00867389881329,25.6,0.0,0.0,0.0,none,0
6157ee528f31ffe0df569b2815854e17,77,21.591850005417385,23.362191220974847,25.032590585727082,24.7730783788111,23.3,0.0,0.0,0.0,none,0
2db0e0882d83b4d75c62f7d3af8171fc,77,21.035390379042376,22.36969445887382,23.967378110643796,23.567197653323475,22.3,0.0,0.0,0.0,none,0
e0c712a63b9de27a0ac0ae494fe76bdd,77,19.935815716603617,21.67338362746793,24.109470988092188,23.32544661956579,21.7,0.0,0.0,0.0,none,0
1debadda82192582a2f784d726ce6642,77,18.642260428997673,20.476656449419814,21.70645839823643,21.758633538134596,21.0,0.0,0.0,0.0,none,0
597013dfc549e3f9aa3430d6dc5b4c04,77,,,,24.74927134728492,24.4,0.0,0.0,0.0,,
25bbfe3c1b2afa4ffefde322db8eb42d,77,,,,24.911945995075346,24.7,0.0,0.0,0.0,,
63a8d532d3e45d7af2afd06604ef0ff4,77,,,,24.989469136991985,24.8,0.0,0.0,0.0,,
5659fdb752e710260c40dc117d89f5f7,77,,,,22.51879139534144,26.0,0.0,0.0,0.0,,
d5da9ba8a4ce9833ebf390268e9f7b97,77,,,,24.719397570182156,22.6,0.0,0.0,0.0,,
c9df1de48e7a35501a106ae1cf0364f3,77,,,,25.189689411068002,24.9,0.0,0.0,0.0,,
c7e9041b1937e21bf0ed1f079e1471db,77,,,,23.457828463940622,22.2,0.0,0.0,0.0,,
afcb11eb510c86191c1644ae01681618,77,,,,23.30823632802298,26.8,0.0,0.0,0.0,,
5f81ff70e660dea579876791cb12bf87,77,,,,19.838557337556228,26.5,0.0,0.0,0.0,,
44d8c6c794a67372a81c95416a8059a3,77,,,,23.64714412009585,21.7,0.0,0.0,0.0,,
cb8354e63d55ce53a9c04f6e5f835dd0,77,,,,26.274535097243334,26.3,0.0,0.0,0.0,,
ff8acdd46dfc2c47898977c698675c89,77,,,,28.154667533414823,28.2,0.0,0.0,0.0,,
7023017192edd7a685202a4599bc0daf,77,,,,27.240354170091965,25.9,0.0,0.0,0.0,,
38fa4a5b181f959adb4735a37a7eeea6,77,,,,26.274535097243334,26.5,0.0,0.0,0.0,,
54bdb0cb18dfcc6e7ccf7ba7f986aba0,77,,,,21.524853868369554,21.3,0.0,0.0,0.0,,
ca218c02e4cb56a15ba16f10caa311f0,77,,,,22.0047964200558,21.6,0.0,0.0,0.0,,
af9e9e9ed2d257005ff164bdd8105a4d,77,,,,24.785714427743656,22.6,0.0,0.0,0.0,,
7913112823bcb0fa7135a2ff12f1c202,77,27.978790920380767,29.811935411649436,32.39072417775952,23.439545444496375,32.5,0.19480519480519481,0.025974025974025976,0.012987012987012988,yellow,2
ad3f574ba81e4f4586d6c719ee4a4a46,77,27.606527234486784,28.775864582415615,29.389933522438206,25.07192376618015,31.9,0.0,0.0,0.0,green,1
42db54921506acde84cc0e2a3de2fa8e,77,27.101773349930887,28.767521373218322,29.70982347568107,27.113525543013456,30.3,0.03896103896103896,0.0,0.0,green,1
80363cce38632d8b7a92f6f6dd2d2f11,77,26.3318028722801,28.6510692275953,32.3309324921893,23.699091053845436,28.1,0.03896103896103896,0.012987012987012988,0.012987012987012988,green,1
5bf35031c36b874fd227395f54de2b7f,77,25.382678204044527,28.621105036910443,29.67497419969432,28.97390216761766,28.5,0.025974025974025976,0.0,0.0,green,1
9899092d6a74cbf28767f22666c1dfb5,77,26.54341645304201,28.61050676083624,31.95966743080922,23.111399738630045,29.1,0.05194805194805195,0.012987012987012988,0.0,green,1
f03289658bfd4e7d86bbefc041a9db96,77,27.074667738086134,28.513717155905013,29.334731555137363,22.855888117544126,30.7,0.0,0.0,0.0,green,1
6544858953e1da9df69991e3e532a115,77,26.506860645204526,28.335821559139532,29.70606054470153,27.091444357980894,28.8,0.025974025974025976,0.0,0.0,green,1
8f252d78d393a796c7136dcacb4ec1db,77,26.52313805015622,28.112250638738104,30.992239813669595,23.517360551105746,28.1,0.025974025974025976,0.0,0.0,green,1
a29d3a06071dce2a7e977d7bc2cc6552,77,26.36987694503151,27.967305454007327,30.52164503045867,24.900218067876352,28.2,0.025974025974025976,0.0,0.0,green,1
80da966c009e472244fa4569a012e625,77,26.293789632122202,27.50912681790991,29.36797470267799,26.289419700029388,28.6,0.0,0.0,0.0,green,1
4c2dad7e2e7cefe8a62e075538283432,77,24.899410950834795,27.379107772375395,28.580688639565835,27.274911547977506,26.0,0.0,0.0,0.0,green,1
06ff6600c735670f40a8dce8363ae69e,77,25.30199816550012,27.365319130483122,28.580688639565835,27.122967510797356,26.1,0.0,0.0,0.0,green,1
314e596139b35f6d323fe0a61c201642,77,25.143589759316065,26.98181280687182,28.495712639845497,26.12015870998342,26.0,0.0,0.0,0.0,green,1
79186d7fb98458595a0bf79ccfc8c969,77,24.848678794582884,26.878957291658875,27.80961160097388,26.943415609275604,25.5,0.0,0.0,0.0,green,1
4b3b74efd967c9d907c7191962d7f979,77,25.158594771413394,26.729377447301218,28.228756691312128,26.920518888398213,25.4,0.0,0.0,0.0,green,1
107ba330eaa5cab73080b3b89dcb80c0,77,24.594143256414508,26.670934117705695,28.220944110954623,24.85601956232085,24.4,0.0,0.0,0.0,none,0
de1d4e4012584a4a411c8e1921375bbb,77,25.39671684519923,26.54198945519065,27.62485762718053,27.59238800927128,28.3,0.0,0.0,0.0,none,0
bd8c6408b3b775ed91941bfe733516f6,77,24.558464276385866,25.89072828022788,27.633126351840595,22.66675638753203,24.6,0.0,0.0,0.0,none,0
c95b76d9ddb1bc240dad782e76b97828,77,23.978697209902606,25.53779132408645,27.707568766761707,26.22182316662338,26.0,0.0,0.0,0.0,none,0
a1c7c43ba32c42057f3634ee3d4067b6,77,23.381214117486106,24.90359615312367,26.06280190737119,25.28448160753845,25.3,0.0,0.0,0.0,none,0
a81061d7c77684d6a8e3293bc4976a69,77,22.279701878558477,24.534366713244967,25.80752744685502,25.52292653023897,22.7,0.0,0.0,0.0,none,0
1083267b160f74ed60a4d477cf2a4e19,77,21.583746126899964,23.44010581390598,25.032590585727082,24.781002423376943,22.9,0.0,0.0,0.0,none,0
329bf9020a2f3049f9123c98959a7fd1,77,21.178032604005086,23.213886028125504,24.694017491124786,25.600046830047695,26.8,0.0,0.0,0.0,none,0
388927671dcdaa833d261726a6ab51d2,77,21.626141383221867,22.766394067048317,23.72853998631203,24.30250668622442,24.6,0.0,0.0,0.0,none,0
46b18cd57f089b27f2884623a2e31bce,77,21.03473809097657,22.486270887183927,24.109748420411737,24.031509700539118,22.6,0.0,0.0,0.0,none,0
e64746f611c7256f363fb8f6659a96d0,77,20.00686578112462,22.293896880897066,23.38332159958643,26.180654318327374,24.4,0.0,0.0,0.0,none,0
7f38b3b9446c848dee1bd094ba71ee57,77,19.841017063711234,21.758633538134596,23.118439624480605,23.44010581390598,21.5,0.0,0.0,0.0,none,0
976b1eee4ae207da18a890be7a34cd83,77,19.57509764479996,21.537616843836506,23.630977469328172,22.987414478345997,20.9,0.0,0.0,0.0,none,0
5c4152e9761efe18e3f175072ae0c179,77,18.303029853278012,19.627991305798005,21.639113192434877,21.93683798724121,20.6,0.0,0.0,0.0,none,0
d894d3c08ef64249caa2250b87a14984,77,,,,23.941271162280852,23.1,0.0,0.0,0.0,,
eac8476ce91d17965dab3bb9d9d350df,77,,,,26.549413722412822,26.9,0.0,0.0,0.0,,
823834014725d40af900de7df207942b,77,,,,24.646404654132876,24.3,0.0,0.0,0.0,,
a665187dd7f5106e088d84d20b9e8ffe,77,,,,27.305159362537445,29.0,0.0,0.0,0.0,,
3ff790cb6cf7c6b63490cc0355af0521,77,,,,23.59859373242194,22.4,0.0,0.0,0.0,,
c79e6b9c98fc32660e24cf9f15723a70,77,,,,23.292329358514735,26.8,0.0,0.0,0.0,,
857f5d6a8ff2ff7f7208de669aa3a6a7,77,,,,22.893081302383152,26.6,0.0,0.0,0.0,,
134a91d926fddd2881018241708004ca,77,,,,24.500407830660482,28.8,0.0,0.0,0.0,,
b55af3ffcdffad47acc92b9283cdae5c,77,,,,21.144325379265602,20.4,0.0,0.0,0.0,,
88cb46cd94949722038413f0f82e5afd,77,,,,26.93217193139878,26.3,0.0,0.0,0.0,,
bc7628c0d7945662fd0556ae3a3e4116,77,,,,20.392045849221883,27.9,0.0,0.0,0.0,,
caafcc184c68b905407a79db70d05adb,77,,,,27.558073872416117,28.2,0.0,0.0,0.0,,
745e23a2c6bf6c1e11a763e28b0ec01c,77,,,,27.489636606231805,28.1,0.0,0.0,0.0,,
bdabf3dfebc477da72420a34cd6db2ac,77,,,,28.260987464297475,30.5,0.0,0.0,0.0,,
82e79769096f0f5b68157ad2b83fa25d,77,,,,25.79093602705501,25.8,0.0,0.0,0.0,,
09fa9ab2e51f11717ba53f6db5f7ac7e,77,,,,27.37136029598685,28.8,0.0,0.0,0.0,,
d247e1cc775ddae22d563938a823ae3c,77,,,,27.71924852476652,28.6,0.0,0.0,0.0,,
b95ad88446ff46bf293782cb922fed22,77,,,,26.755061588991435,30.4,0.0,0.0,0.0,,
e1dfd0e112b6e572486012946fad2750,77,,,,27.617415726112476,28.5,0.0,0.0,0.0,,
baf8cd83f799d27574e3eb229e7fb653,77,,,,25.57416023140732,24.9,0.0,0.0,0.0,,
ee8ff05da4716e4def2f63a4878b67bc,77,,,,26.79861535912408,27.9,0.0,0.0,0.0,,
a7713ddeb1092b01aaa66f5a2e5f3c7e,77,,,,21.754550964814957,25.5,0.0,0.0,0.0,,
ff4ab271603523c7e4381516a5531978,77,,,,23.091399671173786,22.6,0.0,0.0,0.0,,
e3b668ccc811de215c6357191b6bfa63,77,,,,24.90184892461963,24.2,0.0,0.0,0.0,,
68db1b40e5ec02788cf9d9bcda214893,77,,,,26.6968462559109,30.7,0.0,0.0,0.0,,
2ba9abf1ed9d578e37245107e8a072ed,77,,,,23.12950579772942,21.4,0.0,0.0,0.0,,
d49a48eb4b8344b6e5fb1b620fadcd02,77,,,,27.323004993711546,26.4,0.0,0.0,0.0,,
e86fe485180ab397706104635654bfab,77,,,,25.284917944512323,30.6,0.0,0.0,0.0,,
9bbd784ca200fe632d371aa646d73d25,77,29.1421285444329,30.929465889673363,37.81513336533655,25.354380928205114,31.6,0.38961038961038963,0.07792207792207792,0.025974025974025976,yellow,2
54b85401c3fc38804cee8da0187cde6b,77,29.07911093281918,30.866945569389237,32.65792909549264,25.440180965557303,31.1,0.36363636363636365,0.1038961038961039,0.03896103896103896,yellow,2
5c0686aeb09b5595a940eacf1b9702e1,77,29.518744405390965,30.777817836946603,31.563689607263207,25.349000521050204,32.3,0.5454545454545454,0.06493506493506493,0.0,yellow,2
223ce4dab23f9810aa07b99c8ac894ae,77,28.779841196860826,29.971501783502255,33.03895261893903,25.356913991407403,31.1,0.2077922077922078,0.012987012987012988,0.012987012987012988,yellow,2
e06f0b525c2d3d533971cff3432e762c,77,28.672068888645406,29.684428550483027,33.03895261893903,25.373085503308925,30.9,0.18181818181818182,0.012987012987012988,0.012987012987012988,yellow,2
1eb19ac64d76779574e634c325d676d8,77,27.28600901162486,29.197299481494394,31.016468005963475,26.033339700529517,30.0,0.07792207792207792,0.0,0.0,green,1
e961810c1e18b45e1569d970b0741646,77,28.006157192088455,28.984955399230646,29.645753846638407,30.220716560615802,32.5,0.05194805194805195,0.0,0.0,green,1
16b5cb96053c30e81d70bcb3dbd0cbd4,77,26.07548561812074,28.6510692275953,30.171240934555364,23.613409121220293,28.0,0.025974025974025976,0.0,0.0,green,1
5a0da1062051f7c3f5372e2740127aae,77,26.54341645304201,28.48541464180665,30.07128645736658,27.19104676639684,29.1,0.03896103896103896,0.0,0.0,green,1
b425832ad5708adbc8ee1fbcff5bc07f,77,26.526812163601136,28.48541464180665,30.07128645736658,27.143134216467768,28.4,0.03896103896103896,0.0,0.0,green,1
39ff693c6524b96d84757ebebf4b338d,77,26.506860645204526,28.335821559139532,29.70606054470153,27.091444357980894,28.8,0.025974025974025976,0.0,0.0,green,1
6cfa6d54db6ff1bb88e05fff15038ee6,77,26.944447517806577,28.320518956491668,29.541048251248498,25.131472360114962,30.2,0.012987012987012988,0.0,0.0,green,1
4cf19761d732e79a00804bbb8276da64,77,26.244097247287975,28.28803291688686,30.07128645736658,27.03913142381739,27.9,0.03896103896103896,0.0,0.0,green,1
a9990d7d3964f70c0397bd97852825f2,77,26.474781850774015,28.111541349571358,31.95966743080922,22.872901586232246,28.6,0.025974025974025976,0.012987012987012988,0.0,green,1
8d0d275ba8d8d4418bb5c7c799050755,77,26.418217753087323,28.017949031184322,30.52164503045867,25.517733590675057,28.6,0.03896103896103896,0.0,0.0,green,1
82de48b98d865c55af16e83bf4d1fd77,77,26.329686125502626,27.670029922033457,30.105755325530517,28.232848525470263,30.7,0.012987012987012988,0.0,0.0,green,1
290ba28a05b57193f4cc03e1d1b31654,77,24.83544562501207,27.0993342899467,28.607115367236304,23.166545561775038,25.2,0.0,0.0,0.0,green,1
9dfb3502b0aa83eb5ea65a93f1ff9289,77,24.995617382494885,27.03377485755126,28.607392782116868,23.198316562050294,25.1,0.0,0.0,0.0,green,1
a920cc4d36c948e2342fa8a3239839ad,77,25.810249127171193,26.828606479838466,28.03756575253416,26.918081599916313,28.0,0.0,0.0,0.0,green,1
b6efcf8942acf43419af8451dbe7103a,77,25.367639760382033,26.720455483183315,27.489837261930248,28.25003787720384,30.9,0.0,0.0,0.0,green,1
3f9d972a4837095fc50a1e5da7f0a5a9,77,24.459263954980226,26.629610800995135,28.06511880181149,24.749241162599414,24.4,0.0,0.0,0.0,none,0
22b5df38093dd91d227049a548e9b149,77,24.81161480284085,26.01948531318348,28.060503998471898,25.887659411845213,26.2,0.0,0.0,0.0,none,0
948a706e0f615c2c6d29d185b8cd5033,77,24.296437264623382,25.759575574178136,27.649071639390026,25.739932097843546,25.7,0.0,0.0,0.0,none,0
b90cb43c8d3e01219e57e1352e76d5fd,77,23.708415270184155,25.697444097045953,27.12479854647758,26.519875474588606,24.7,0.0,0.0,0.0,none,0
3d5d6c764ffc99684f826988f896ae3a,77,24.29472958667734,25.43796986086359,26.12208704832434,26.70048987823807,28.9,0.0,0.0,0.0,none,0
1ef6e3857f9f1ca95fe61d4f6db094b0,77,23.75707592088958,25.34620962531819,26.335862628518754,25.748111648241615,25.9,0.0,0.0,0.0,none,0
0ba8edab38dfbafa73922076cf5b8e50,77,23.80270722028908,25.264275391012433,26.419386067967338,25.796968244932,25.8,0.0,0.0,0.0,none,0
9ac6cd4ba1f7aec0c2690df8ca2be6d3,77,21.18761093539648,23.645158552839323,24.414783158121196,24.903360446873343,23.0,0.0,0.0,0.0,none,0
1c4178c29fabf7c578a3c1e7bcf4ccbd,77,21.166349126445304,23.38252537049239,24.99647968611522,25.560281934972753,26.8,0.0,0.0,0.0,none,0
df1ff0abea125bd012c8a181bdfba146,77,21.393476307184976,23.298506576570475,25.032590585727082,24.641472980581806,22.9,0.0,0.0,0.0,none,0
ce66f9beabb5a0c4774be4b28d602275,77,21.080433654130033,23.27530403629458,24.799298671423074,25.31360585093763,26.3,0.0,0.0,0.0,none,0
9c41e545f178270651974513c572fddb,77,21.33772100406086,22.91097205396886,25.111788611533967,24.3713190852284,22.2,0.0,0.0,0.0,none,0
53f69e7f877f26da14f88b03fb9bd959,77,18.41813828905003,20.474675365746513,21.287754639226897,21.77351939564649,21.1,0.0,0.0,0.0,none,0
de3a8d12173c246c05942e99e28269ec,77,,,,27.240354170091965,26.0,0.0,0.0,0.0,,
bd9fb66b70247f37355624966223d709,77,,,,25.414846930377976,25.0,0.0,0.0,0.0,,
7d37b39f1c9b534cafdc712768f6d08a,77,,,,28.98309491325432,30.4,0.0,0.0,0.0,,
a9f791dfa0b2105293915a747ffb0194,77,,,,24.446150527796128,28.9,0.0,0.0,0.0,,
d51f6c49ec01f214d722b42b53b52d37,77,,,,25.035356334544243,24.8,0.0,0.0,0.0,,
9d7cb4b890f8ee1a1f98ccb7e289bcb0,77,,,,24.664927103186063,24.0,0.0,0.0,0.0,,
f651120a585c90746013f42c005c1e2a,77,,,,25.414846930377976,24.9,0.0,0.0,0.0,,
254dec4c5e0325d69068ebf63cdf8f7d,77,,,,27.127514198495803,27.9,0.0,0.0,0.0,,
72a397069e112ff75449138f32e86034,77,,,,24.910381358215034,24.7,0.0,0.0,0.0,,
e51c4ab0622a6402f609badf28831115,77,,,,26.939540692968983,28.1,0.0,0.0,0.0,,
7546ba96d1c9339049e11bbbcaa05342,77,,,,27.221081982212997,26.7,0.0,0.0,0.0,,
4df88e4146e6cb27665a9afcf87ee721,77,,,,22.044874774776776,24.5,0.0,0.0,0.0,,
e98600e157f69868f90fa90f12a80531,77,,,,22.4664297209866,24.5,0.0,0.0,0.0,,
67cef034b129d713c68f5243c596dac2,77,,,,28.0587431947307,28.7,0.0,0.0,0.0,,
519ac73b58539bb993b1831e97c1edfc,77,,,,22.138680328463582,26.3,0.0,0.0,0.0,,
8b3cdff9bac8b85214895859de8474fe,77,27.304649304674573,29.900733888549986,30.85718250976833,23.478074949921105,30.6,0.15584415584415584,0.0,0.0,yellow,2
7c945c73ebc37191cd64879eb3917bd5,77,27.53201192109021,29.58966524171189,31.016468005963475,28.87316188547601,29.6,0.11688311688311688,0.0,0.0,yellow,2
18a11d3ec1e73aafc2a978645e86dfce,77,27.151088692518776,28.914806506801373,31.829576275231233,23.060280538406676,30.3,0.05194805194805195,0.012987012987012988,0.0,green,1
151d78f085f2718f024e65968a8e9802,77,27.040261897348536,28.801863985797425,30.53973493870181,26.98101042742804,30.3,0.05194805194805195,0.0,0.0,green,1
b3ec4a40cf41b1a1137754a844ac060e,77,26.396012605231782,28.630972975839075,30.10159830840564,28.171745763072636,29.0,0.05194805194805195,0.0,0.0,green,1
5f9386deb276cfdf2cefc9b52b4c638b,77,26.355170383869492,28.48541464180665,30.07128645736658,22.824418652423372,28.2,0.03896103896103896,0.0,0.0,green,1
7ac2a53d308cbe677d92aa2641a49085,77,26.506860645204526,28.335821559139532,29.70606054470153,27.091444357980894,28.8,0.025974025974025976,0.0,0.0,green,1
030048273f3b9d39c0be0235ef8eca48,77,26.0366835620665,28.173840494714646,29.74501168488784,27.223176932605956,26.9,0.03896103896103896,0.0,0.0,green,1
1c29bbc8b87c401937a67c96231f8bc7,77,26.647427263677898,28.041587637976022,30.56273200734508,28.684462327451786,30.9,0.05194805194805195,0.0,0.0,green,1
1d015b532ab833d065544703b6d107d9,77,26.429350961339644,27.851171380883244,29.445732530131284,25.589194658260805,30.6,0.012987012987012988,0.0,0.0,green,1
09eeec090288815798d054d45620dacb,77,24.84975694848849,27.836043329325197,29.519500792994783,27.2205603838103,25.4,0.025974025974025976,0.0,0.0,green,1
056442ff5f2c39402801126f3f791c09,77,26.137597556313082,27.764750606439954,28.882099527095896,23.17059620650721,27.9,0.0,0.0,0.0,green,1
a19451a3d68e0ab7468f61e900cb703a,77,24.842534086225445,27.03377485755126,28.607392782116868,23.077717211801964,25.1,0.0,0.0,0.0,green,1
191ac424828ca3070c18e313021f0367,77,25.17632200576624,26.89663432586879,28.301712650612863,26.968190838731655,26.7,0.0,0.0,0.0,green,1
255dd395061b7e90bb0aee4cce132c47,77,24.698265137110297,26.72667537442382,27.70177392319131,26.84605751600212,24.5,0.0,0.0,0.0,green,1
4c29ba332716d61b312259023406b9dd,77,25.117070409983477,26.721153376561585,28.25865721598768,26.933427913896022,26.4,0.0,0.0,0.0,green,1
9f6b0d30e88c4fd32328bc9e47150335,77,24.57733717451053,25.934815257480214,26.75508764276762,25.22937488057205,25.3,0.0,0.0,0.0,none,0
6b41ae2737af549477110fe6f0b18441,77,24.68789237845679,25.84008242063671,27.708112165201015,24.202038966516984,25.3,0.0,0.0,0.0,none,0
f0fcfb5737652dd1b8f08abd0b0614d6,77,20.34966592925752,23.540757053275254,25.7619042330873,25.634095263818455,23.1,0.0,0.0,0.0,none,0
4222f165f0bccb1946b5f1f9090cf507,77,20.514475676404803,23.41229458276297,24.300515639256552,25.634095263818455,23.2,0.0,0.0,0.0,none,0
b775bce8d0b4fc08f8653d8c174e7730,77,21.055415119222804,22.486270887183927,24.35195379618894,24.031509700539118,22.6,0.0,0.0,0.0,none,0
6dc8987b55069ecaaa56d0ff24eaff6e,77,20.165543629189376,21.894471982041413,24.109470988092188,23.419296446151005,21.8,0.0,0.0,0.0,none,0
127d62f7a3c9635ac3d0d1eb95b1e59c,77,18.778023700050948,21.292821195987642,23.32622406661075,23.23436051128169,22.2,0.0,0.0,0.0,none,0
460eebb63835bf1edcf32f5167033e54,77,19.431970521939316,20.915090533376176,22.680690455809856,22.425414520796423,20.8,0.0,0.0,0.0,none,0
d93afba64ecaaa383184241af3701417,77,18.29086009994329,20.238810103395227,21.639113192434877,22.26024921574444,20.9,0.0,0.0,0.0,none,0
72888634380b422697ab5089574e4416,77,,,,23.063461782433798,25.1,0.0,0.0,0.0,,
0151c1e4a1fe1689812f9f9dfc514cc5,77,,,,26.705033906594547,25.7,0.0,0.0,0.0,,
004aacbf2552472e23dec9d70877b084,77,,,,28.384123789488623,29.0,0.0,0.0,0.0,,
c0ef146ba36f45233f17531fb6c491d9,77,,,,20.49696243720268,28.9,0.0,0.0,0.0,,
59ee47a8d32b1221a4e2d2ecc1d8554e,77,,,,23.59461748000085,22.3,0.0,0.0,0.0,,
c10d8014e089ba8886038a736af4e65b,77,,,,27.36466847777346,29.0,0.0,0.0,0.0,,
fd549344bf87208bd18b7c8b5ecaa5f1,77,,,,23.931573463087844,22.9,0.0,0.0,0.0,,
3e093c42812e4a77e78ad34a64b22b6c,77,,,,28.167065235179983,28.4,0.0,0.0,0.0,,
c7f933fd2bfa7357be4615265c31f7b5,77,,,,24.94344397586832,30.1,0.0,0.0,0.0,,
cdf464ffefca932cfd45876f9cebd6e9,77,,,,23.472113600243716,22.0,0.0,0.0,0.0,,
d6551a66a9c527256a45887b453f912c,77,,,,22.906119604873673,31.0,0.0,0.0,0.0,,
1453639ee7f5e904063ad2a49b310d9e,77,,,,27.51123284575105,28.5,0.0,0.0,0.0,,
d0645be84e5b374e139a83b461283993,77,,,,28.65033090522727,31.4,0.0,0.0,0.0,,
a5a1411f3063034da2f296734dab2693,77,,,,29.06547838082214,31.3,0.0,0.0,0.0,,
12568c6c0833ab43138ff64964c3b6b5,77,,,,22.858126872387764,31.5,0.0,0.0,0.0,,
6e65f0e36a5d9a651c1fa003ac1cd404,77,,,,26.999697633026855,25.7,0.0,0.0,0.0,,
e45242906cc94f0547417e95abed47e8,77,,,,23.931573463087844,22.9,0.0,0.0,0.0,,
3c1da06aaf85109645a218572724f567,77,30.124524647862597,32.17367036619561,35.556345398717795,31.897274197811587,34.6,0.7012987012987013,0.2597402597402597,0.1038961038961039,red,3
1255ce41e63b4dd297fe367b272d1d96,77,29.393103214972786,30.856965172502285,37.81513336533655,25.449188688617408,31.8,0.4805194805194805,0.06493506493506493,0.025974025974025976,yellow,2
f0a0074c095b101225d75da55135b9e6,77,27.403316240166173,29.74426593938599,31.1074076768444,23.50468168355821,30.6,0.14285714285714285,0.012987012987012988,0.0,yellow,2
e8879d3eedcca7ac59a2408018a00ab9,77,27.249218515462967,28.572494762913134,29.211450070209327,26.140164662119957,31.4,0.0,0.0,0.0,green,1
1fe2d6a06a76dfff85cb75780384bccf,77,26.576086472169383,28.419153026587367,30.839536914059863,29.11820818731533,30.8,0.06493506493506493,0.0,0.0,green,1
a9566c89057536af524deb92150de97b,77,26.944447517806577,28.320518956491668,29.541048251248498,25.087915548944807,30.2,0.012987012987012988,0.0,0.0,green,1
5ed195755441130a77cedd27d3fdbdd4,77,26.293789632122202,28.276817783196414,29.74501168488784,27.143134216467768,27.2,0.03896103896103896,0.0,0.0,green,1
8d52165b1f37df0711c2288ce72ab90b,77,26.097245767262173,27.977219545727188,29.934914274107225,26.799161466754153,27.0,0.025974025974025976,0.0,0.0,green,1
554c391386c421d732413c940bf83ea3,77,26.474781850774015,27.89519273441783,29.70606054470153,26.695403142283045,28.6,0.012987012987012988,0.0,0.0,green,1
2d63d4a0cf2195cb80fc394afd8489c9,77,25.997720503954724,27.847595403558984,28.567521214535105,22.954765539281464,28.4,0.0,0.0,0.0,green,1
1f05558bc6e3b6a904c90510ad4a9363,77,26.278496042069094,27.548526063027825,28.788331632368315,24.315016150941968,27.7,0.0,0.0,0.0,green,1
0ddbe0d0e6e3de23ef9bb27ce4909def,77,24.7594265734716,27.379107772375395,28.46162617956592,27.02910452794689,25.7,0.0,0.0,0.0,green,1
23473ff53b2093525bd44a55ea1156b3,77,25.04262219589225,27.3393164131136,28.10609159610427,27.180826974318148,26.7,0.0,0.0,0.0,green,1
7852b82d1eb7931dae3a2283264e8de5,77,25.22609344596242,27.296601863933116,28.373943661942278,27.363918456058798,26.2,0.0,0.0,0.0,green,1
253904f421270038d67e6bec700dfef3,77,24.426218909147426,26.220837974902654,27.29890182528281,20.77076981567344,23.2,0.0,0.0,0.0,none,0
93c0e880fed947e8b2fc40850ffb10cd,77,24.73935182141201,26.018818084466833,28.060076464339286,25.85088353109048,26.2,0.0,0.0,0.0,none,0
3749d10771a9c7938fdd1a6a876f91b7,77,24.24503639484376,25.85445995653456,30.21040543677582,26.198780963813682,26.7,0.012987012987012988,0.0,0.0,none,0
9abb44177520161f6e459b8b9f83d751,77,24.37041373600625,25.56862690201476,26.56040843573856,26.510591040612326,27.2,0.0,0.0,0.0,none,0
7c5ba0e2fd6a648d6e6c4af93506a68d,77,24.454016101864838,25.497291740568933,26.43632601199235,22.043902434893383,24.5,0.0,0.0,0.0,none,0
9c111207bfb3e32b1699ab2e32f9fd5c,77,24.312847916142715,25.465335711966947,27.649071639390026,25.552973903003036,25.5,0.0,0.0,0.0,none,0
0b22e4fb77a1ab7150100731bfeb5a83,77,23.54365882957205,25.295699293986637,27.547613043087335,20.321958254060473,22.8,0.0,0.0,0.0,none,0
04ba3207a41918b5cdde2ec31a9aea94,77,21.18761093539648,23.645158552839323,26.34508075944907,24.903360446873343,23.0,0.0,0.0,0.0,none,0
b9ad94dcf1fe4cfa9e747d55b6de581b,77,21.530005992154013,22.816528162272554,23.967308344015592,24.39226340462598,24.5,0.0,0.0,0.0,none,0
0d8991f3cd2540141a07111b50ce3ecb,77,20.113782130154195,21.795154122999392,24.109470988092188,23.348318309138197,21.8,0.0,0.0,0.0,none,0
008ddae7f49b3d434a6d9d67ba0adf30,77,18.104119401003764,20.32009482731493,22.934560400879533,22.60461666306139,20.9,0.0,0.0,0.0,none,0
dacf50dee2c4e520fb8df78f92d12ab0,77,,,,23.397841664665993,22.3,0.0,0.0,0.0,,
0bc0a558f9b7c66e919a505ce1f62d93,77,,,,22.044874774776776,24.5,0.0,0.0,0.0,,
e3fed8204afaf9f306f91e762ea0290a,77,,,,24.466583408987933,24.2,0.0,0.0,0.0,,
823862b693e8f3e88c23b2ae8b90ba49,77,,,,25.908650631965493,26.7,0.0,0.0,0.0,,
eb14eab820afe51b280ea2e7e021de53,77,,,,28.180793169318314,31.3,0.0,0.0,0.0,,
9c32901e4df17cdf03e6267edcd4c3ef,77,,,,20.270244480249765,20.5,0.0,0.0,0.0,,
47074386688b89fb2496d041b09430e2,77,,,,24.69461495494456,24.1,0.0,0.0,0.0,,
4fcc95e67c06ce16e5b3a6488496cef1,77,,,,27.57302189479627,29.4,0.0,0.0,0.0,,
fb75c13c8cfb67f3cb854046d7a67cff,77,,,,27.652616062930136,28.5,0.0,0.0,0.0,,
a581c8e1744466f2e401f78b89554ca5,77,,,,25.342149520142808,30.6,0.0,0.0,0.0,,
55edfd53cf48770fb950e7db4f287a1a,77,,,,27.536461761515778,29.4,0.0,0.0,0.0,,
0f3166788daeda56fbcd39dde3dff472,77,,,,24.943689792072924,30.3,0.0,0.0,0.0,,
274cdb4fcc57ef35881fd969a70204a5,77,,,,28.13975854529651,31.5,0.0,0.0,0.0,,
19d9ff3177f3ed2431691b2b6764650f,77,,,,24.91258753691938,24.7,0.0,0.0,0.0,,
7da2ed790757a0bbe52762338d18484a,77,,,,27.21692283719542,29.0,0.0,0.0,0.0,,
8b12b5182a2dab73dbbf946715dc0c43,77,,,,27.452038648063407,28.1,0.0,0.0,0.0,,
918c243536c79160c5c1a3d856a98016,77,,,,26.911454863815763,26.7,0.0,0.0,0.0,,
ebe726120849d7615c27087bb8871e91,77,,,,21.354914453938996,20.9,0.0,0.0,0.0,,
bf6c28e6be874bb6080ce508565ade5b,77,,,,25.7160175366475,25.7,0.0,0.0,0.0,,
cc3c137f88e4b81f14c725837e2aeae7,77,,,,24.213829212271488,26.0,0.0,0.0,0.0,,
db44c4f6534bd9b47d0d669baf79b805,77,27.607453573279393,29.76570605870662,35.95142604886585,24.25645203143248,29.8,0.12987012987012986,0.012987012987012988,0.012987012987012988,yellow,2
19f86f4ffaa2334c027e068386e20e72,77,26.929558090023797,28.59246388113167,30.17439985128199,23.70290933663637,28.5,0.012987012987012988,0.0,0.0,green,1
bfab4cc4598f7f9c21f79442be93a7e4,77,26.922349693617615,28.367828726687254,29.46787164074703,27.04727031015927,29.1,0.012987012987012988,0.0,0.0,green,1
8a26da43cdd6351e5e7cdf9707a0459a,77,25.87830260051565,27.79766206807829,29.442969855357227,25.063788693964366,26.0,0.012987012987012988,0.0,0.0,green,1
e248a5bced2a194aab2051a92cf74d1d,77,26.711833407319414,27.77800773278031,28.924779853420457,25.87354606707796,30.5,0.0,0.0,0.0,green,1
60e883eccd3c02bf05d51bf407989d58,77,26.278496042069094,27.62901198841492,28.975680431766417,24.534632644574014,28.2,0.0,0.0,0.0,green,1
e137d130ad61bc289e7b148416b542b2,77,25.05235550011207,27.431811081683698,29.37784601085827,27.56473534315184,27.8,0.0,0.0,0.0,green,1
fdf3f9c5e3778f97d6761097a446600c,77,24.95584531014459,27.376789323131906,28.495712639845497,25.934685855205238,25.5,0.0,0.0,0.0,green,1
de1f52d9c88f7c6dad4f910d8fa3a292,77,24.983751952602073,27.376789323131906,28.495712639845497,25.84637375042976,25.6,0.0,0.0,0.0,green,1
d1a92ccc262d2775dc55cf7cbfbfa7cf,77,26.08355328119368,27.283521864127692,31.95966743080922,24.64743840143847,27.8,0.012987012987012988,0.012987012987012988,0.0,green,1
f5ccf52e4b693a8b380508a3dae16f80,77,24.812573611801177,27.21146901931427,28.418066415605026,27.091815627566064,25.1,0.0,0.0,0.0,green,1
e88666e475b6e1353d1aedb6d438053e,77,24.959920803003797,26.98903548252351,27.90958781760638,27.23818966342131,26.3,0.0,0.0,0.0,green,1
50c4d069dfc52153138a4e1aa1bb7d5d,77,25.160769882062358,26.576319193582467,30.04565928839179,27.21337203315898,28.1,0.012987012987012988,0.0,0.0,none,0
364a48085ed0b5cd4a9348a5adb95727,77,24.940047866284555,26.082301200105167,28.051568246028406,25.915554955055526,26.0,0.0,0.0,0.0,none,0
0d2e7ef8945468e39233b101d25c5232,77,24.73935182141201,26.018818084466833,28.060076464339286,25.85088353109048,26.2,0.0,0.0,0.0,none,0
e82d22e28b40cf1033865f1504e0d2c3,77,24.75287820890103,25.985941069325598,26.9036626769928,24.333173245605003,25.3,0.0,0.0,0.0,none,0
427eba64e167258b649412f6a6b97a5b,77,24.81195041921459,25.95626907841437,28.060503998471898,25.815901026324088,26.2,0.0,0.0,0.0,none,0
5b263416be845926de4ba98f47a8e7b8,77,24.6283858041297,25.86696754098172,27.7892392538435,25.803736805802316,25.8,0.0,0.0,0.0,none,0
9bc9ee2431e180ec5313f506ff1a1c1f,77,24.686103059430557,25.796968244932,27.082836224494812,26.255619490056727,27.0,0.0,0.0,0.0,none,0
6860efeb481bc3706633a4336a9290c9,77,24.666404822400306,25.71594374427342,27.047145312802048,26.280027469901583,26.9,0.0,0.0,0.0,none,0
1df99ce3ed19ee72e848380f317d7227,77,24.20779677325246,25.69282209288784,30.21040543677582,26.198780963813682,26.6,0.012987012987012988,0.0,0.0,none,0
59d0dbf4ab1b98474e36d0c335f5bc64,77,23.366949904269656,24.572188662194222,27.041653086456677,25.386664752418465,24.5,0.0,0.0,0.0,none,0
36d1b169f3d9725bf2c721b1f91f0cab,77,21.54289623580454,22.950606708333613,26.723082255403487,24.640828004564543,24.4,0.0,0.0,0.0,none,0
802199c9fb7d77378d807ab9037c4e86,77,21.54289623580454,22.74849805286108,23.967308344015592,24.39226340462598,24.2,0.0,0.0,0.0,none,0
8df29225432b77d5da2ad6ec44e81645,77,19.935815716603617,21.677104846896032,24.109470988092188,23.362191220974847,21.7,0.0,0.0,0.0,none,0
74ee80c6b81c4ea5adc5c72af5bd6738,77,19.679893784938034,21.4639931707175,23.630977469328172,23.003293067860096,20.9,0.0,0.0,0.0,none,0
6917eccc2cf68bbcaaa9df065f891257,77,18.778023700050948,21.20589039234036,23.32622406661075,23.23436051128169,22.6,0.0,0.0,0.0,none,0
37ca5748a5520f4d73ac33513e5f56e4,77,18.469124906992732,21.029021144977108,22.934560400879533,23.07204948813307,21.6,0.0,0.0,0.0,none,0
a6df1212097d68c410bcba78ef5c8706,77,19.315421372735464,20.448948540187324,22.251806147239208,22.154483970437678,20.5,0.0,0.0,0.0,none,0
6eee480350353b265ff8d981ddcf2d52,77,18.29086009994329,20.32009482731493,22.934560400879533,22.60461666306139,21.0,0.0,0.0,0.0,none,0
23f29211a9411419a5156cc507e1366c,77,18.545585044943664,20.234425186740634,21.835465454963735,21.4639931707175,20.3,0.0,0.0,0.0,none,0
60c4bac7d4800005798d14d0f0191358,77,,,,28.102083998370265,28.6,0.0,0.0,0.0,,
54994c63985829fbc2d4d6addf6f2269,77,,,,27.6660981630365,31.0,0.0,0.0,0.0,,
22db8fb75ec9543160da3f4f312e8be8,77,,,,28.58902326564021,30.7,0.0,0.0,0.0,,
30300f5adb9706fe6ab2f1b007bba9e2,77,,,,20.530158835226885,24.4,0.0,0.0,0.0,,
b1f91dd32f725562c3dced4e27512c27,77,,,,20.912953071763475,20.4,0.0,0.0,0.0,,
67920d735bece26d98c435020c4d5b42,77,,,,24.68449287421053,31.0,0.0,0.0,0.0,,
d3cec1358b60481ae0b075605bd7b770,77,,,,26.98166861760035,28.1,0.0,0.0,0.0,,
95346ee9c0bc85f5e49522cabef5cefa,77,,,,22.152398847887227,22.0,0.0,0.0,0.0,,
5624f6f6c6b9d4fbd5ed54962ba4de40,77,,,,27.797373216573483,28.9,0.0,0.0,0.0,,
3e565105c35f426ab3bf5f3e37c90e6f,77,,,,22.169040935663524,24.5,0.0,0.0,0.0,,
74aa94e2c54e4088a8811eea903c3d9f,77,,,,26.8903426867047,28.1,0.0,0.0,0.0,,
132b4c8e7223f37ea336511c553ef1cd,77,,,,25.193529489954898,24.3,0.0,0.0,0.0,,
2ca2c6a8097a6203a25229d8ca9e67a3,77,,,,28.052655577185956,29.9,0.0,0.0,0.0,,
e83009042c477a0ddd9fae9cdcc14ae4,77,,,,22.139065424101666,21.3,0.0,0.0,0.0,,
67ef8d89d0524dd74f0da3618f20e74c,77,,,,27.26302472194348,26.8,0.0,0.0,0.0,,
45ee9028692a63d6c3d277ffa2b79f50,77,,,,27.240354170091965,26.0,0.0,0.0,0.0,,
f29526257eea8369315db4bd2dc94ac2,77,,,,21.899545748977832,21.4,0.0,0.0,0.0,,
ebd802f7d7e43b864c694dc9fd7b9f6c,77,27.763577551915333,30.009288893818105,31.418800171652144,25.599474987264383,32.0,0.19480519480519481,0.025974025974025976,0.0,yellow,2
b133279716f154b0f645aa89e4af2502,77,27.72368055208647,29.09635884928856,30.064128311013146,26.86796457323883,31.8,0.025974025974025976,0.0,0.0,green,1
c917903b28e972d6222ab70409c4ca20,77,26.67938798237351,28.642336515198647,30.992239813669595,23.954121553672238,28.4,0.05194805194805195,0.0,0.0,green,1
e1e609afaabc628a1c00454c70c897e3,77,26.347410321064846,28.585946107819225,30.07128645736658,27.223176932605956,27.9,0.05194805194805195,0.0,0.0,green,1
08f350e359c87b7acf65565879f1bbbf,77,26.420031809704557,28.48541464180665,30.07128645736658,27.143134216467768,28.2,0.03896103896103896,0.0,0.0,green,1
2a5867445fbc7d38058c9d4101301062,77,26.662173161816575,28.48541464180665,30.07128645736658,27.19104676639684,29.1,0.03896103896103896,0.0,0.0,green,1
09b6926e38058f0e3ad9abe1d59ecbf5,77,26.420031809704557,28.48541464180665,30.07128645736658,27.143134216467768,28.2,0.03896103896103896,0.0,0.0,green,1
10ca97f702d0b4b264f13e5c5433aac8,77,26.574654416665012,28.330373003350854,30.137714070385094,23.44450245996921,28.6,0.05194805194805195,0.0,0.0,green,1
fb13bca1896c1326bf43fbdf096c3d33,77,27.036754187269047,28.280298436450593,29.541048251248498,25.093253922747444,30.1,0.012987012987012988,0.0,0.0,green,1
a70adb9c693d5a5c3ba6051428ed1da8,77,26.293789632122202,27.50912681790991,29.36797470267799,26.289419700029388,28.6,0.0,0.0,0.0,green,1
1a554377f396b7e8db2bb845771e815c,77,25.340004161047027,27.48017942940542,29.2471116521066,27.97703342781938,28.2,0.0,0.0,0.0,green,1
238b07996926bb46c186509ac4799eeb,77,25.997720503954724,27.460595785660207,28.567521214535105,22.806684042257103,28.2,0.0,0.0,0.0,green,1
8e468db27603ad846f2a2e8376b67037,77,25.220251426939246,27.362583311826207,28.483026398653855,27.104204066048645,26.7,0.0,0.0,0.0,green,1
b3819bb84eaabcd95a557595784814d1,77,25.96576625894997,27.250332886434908,28.567521214535105,22.355947469231364,28.2,0.0,0.0,0.0,green,1
78adec1431090313c9680ed8a5ec9276,77,25.686747976771446,27.160744568196478,27.759745080947788,28.061251909630627,29.8,0.0,0.0,0.0,green,1
2e220a8104adac620551800b213e1038,77,25.56887317683723,26.907494970083448,27.521012363652005,28.00281233775687,30.0,0.0,0.0,0.0,green,1
b1aea19aa5309fd9b0c23a7c97d6af74,77,24.585109249709237,26.75655274979768,28.22806706893582,23.03852045640848,24.4,0.0,0.0,0.0,green,1
ba6360e7723117fe61ae8125ffa5878d,77,25.183068215106324,26.738941592639918,28.810519532345122,22.688449928374233,25.5,0.0,0.0,0.0,green,1
09b92ab8bdcb4df4e75b1a1c2fbaf0ee,77,24.67148257350953,26.388530191888943,27.929964776298483,27.7020747299683,29.2,0.0,0.0,0.0,none,0
b2e57dec91a7bf80bd784fdfb96771eb,77,24.253802316251445,25.971821619295618,27.707568766761707,26.628685150646366,26.0,0.0,0.0,0.0,none,0
1e273aee23b0f83f8eb29f4f56cea8bf,77,24.296437264623382,25.7227283315665,27.649071639390026,25.739932097843546,25.7,0.0,0.0,0.0,none,0
087e30149e48e8b7e17b6c462f4d2f9d,77,24.306007627800497,25.424884806236122,26.12208704832434,26.753976019352436,28.9,0.0,0.0,0.0,none,0
5c71d67d6e0aa3925be7aaa926f7931e,77,23.70538255916617,25.197000659412108,28.24321240430628,19.62128371738375,23.4,0.0,0.0,0.0,none,0
cedc2bad90b934996f7817e2dd4864bf,77,23.44360501661881,25.123082036587633,27.041653086456677,25.87583071194801,24.7,0.0,0.0,0.0,none,0
e844166eb527dda99adbe1e2db539fb7,77,22.299090018138614,24.729440426654755,25.995785651211502,25.72761424949934,22.5,0.0,0.0,0.0,none,0
d46a020e937e2b629a288f85ea686223,77,21.33772100406086,23.081096653305075,24.182797161521094,24.42516883913162,22.0,0.0,0.0,0.0,none,0
cf3430950dbdcafc1b40bd1c3a7976c9,77,21.299656838577448,22.88701165695947,23.682803906383874,24.182060734284956,21.9,0.0,0.0,0.0,none,0
b160864dd57cb74408e5efe34ff98b69,77,20.267896661154726,22.293896880897066,23.31685630182787,26.180654318327374,24.4,0.0,0.0,0.0,none,0
a94f29ef402dd105d43544bfa81bc40b,77,19.849961364004,21.731815179407924,23.118439624480605,23.362191220974847,21.5,0.0,0.0,0.0,none,0
0a5e3c5b50739684798d55d148018dd3,77,19.66276173519065,21.547285799676352,22.57565013901733,23.192914246665982,21.0,0.0,0.0,0.0,none,0
035b1673ef393e436df0733b95dc945f,77,19.679893784938034,21.547285799676352,22.57565013901733,23.172691883559455,20.9,0.0,0.0,0.0,none,0
53960663a3277ac7d0210bfc33213606,77,19.46252458623763,21.276578549079332,23.630977469328172,22.54012290908958,20.8,0.0,0.0,0.0,none,0
1581176c8c30267b9518f6ca0759b172,77,19.431970521939316,20.71132648002126,22.680690455809856,22.371154258585445,20.7,0.0,0.0,0.0,none,0
247559e9d8978ce7bb4315fec965ba02,77,,,,21.685297882486875,21.1,0.0,0.0,0.0,,
3ad6ed533697d1539478d564f21e450f,77,,,,27.98997266633283,29.5,0.0,0.0,0.0,,
60720ec857c3bb782250c9e28be7192d,77,,,,24.591165167370054,31.5,0.0,0.0,0.0,,
385897acded3e35dd91aed2e36135932,77,,,,24.221640356444983,22.6,0.0,0.0,0.0,,
501a380bb2445291df738a9adc070330,77,,,,26.821223780518743,30.3,0.0,0.0,0.0,,
c2f589b5f7d0b6706385c7274ee6b632,77,,,,23.012988513365592,31.5,0.0,0.0,0.0,,
1c85b950aceef9739bacb52a9dc23fbd,77,,,,20.006314036585092,27.0,0.0,0.0,0.0,,
d22375dd4f801ef37c4edc5ab0ff00b8,77,,,,26.05955534789298,26.1,0.0,0.0,0.0,,
e3aa1b49eb91ce1f531add951c61608e,77,,,,25.026086309689884,24.8,0.0,0.0,0.0,,
de83186f46b75325bdc74c4d960872fb,77,,,,23.384104014721515,30.3,0.0,0.0,0.0,,
73bf496eb0619838d65692e558d649ad,77,,,,27.36466847777346,29.0,0.0,0.0,0.0,,
89c365516c0e20cce6cb2907caa2b7e8,77,,,,22.350260421794495,21.2,0.0,0.0,0.0,,
0924fabdea19db7c2f421886cb15c74c,77,,,,20.56984358528998,25.1,0.0,0.0,0.0,,
70295f0fe7b615b5784977db4b46920e,77,,,,21.533244215854072,21.1,0.0,0.0,0.0,,
1569d2a7650b64f592cd4baa0fe1f843,77,,,,27.820058483625992,28.2,0.0,0.0,0.0,,
d25ab5132a0962597fd47e1538e7b275,77,,,,22.011143870278797,21.4,0.0,0.0,0.0,,
c8e2c7b4c40cf0cf8533c18438b54808,77,,,,24.74927134728492,24.4,0.0,0.0,0.0,,
3b7c8b5188328a03cd7391312bcd2f9c,77,,,,25.18993487375803,31.0,0.0,0.0,0.0,,
755a3932bcc01b96c410aeaa7b240a39,77,,,,29.0036991112603,30.4,0.0,0.0,0.0,,
97d0bff448561c9e88bb30c61045cd4c,77,,,,25.631065453125807,25.7,0.0,0.0,0.0,,
eb0d85b60d7c287c676b2b9c776f3e1e,77,,,,25.913934912904192,26.0,0.0,0.0,0.0,,
4088b4b5a162dd77b5266abe727d1839,77,,,,27.97992654658914,29.7,0.0,0.0,0.0,,
f048cf425085bc15c2f0d66eb5b4e5df,77,,,,27.028801872358606,28.2,0.0,0.0,0.0,,
b78fed1dc386e0853ce0e257c782e477,77,,,,23.670814990833232,21.7,0.0,0.0,0.0,,
4b1d1a57afab69f463f52dae727d2307,77,28.647609038626797,30.313949787742136,32.20867304061888,25.3793938140914,30.9,0.2727272727272727,0.05194805194805195,0.012987012987012988,yellow,2
94ddae2373ffc101db26851b1eb3939f,77,27.763577551915333,29.777714832265424,31.418800171652144,25.505773266408102,32.0,0.14285714285714285,0.025974025974025976,0.0,yellow,2
fa4bcca316fe44aa173f05d35ef7753e,77,27.84927258130124,29.11384451914229,30.25147279969695,26.49711276985088,31.7,0.05194805194805195,0.0,0.0,green,1
2f73f7d77f182e46e759fb7d351fc90f,77,26.356451054525973,28.630972975839075,30.10159830840564,28.171745763072636,29.0,0.05194805194805195,0.0,0.0,green,1
5df9a7473bfc6f67eaaac7923fc4faf5,77,27.022291373515188,28.54365462053378,29.81299711907422,22.776353431152465,30.6,0.025974025974025976,0.0,0.0,green,1
52f5ba5e333b85305eeef68b6cfc1818,77,26.54341645304201,28.48541464180665,30.07128645736658,27.19104676639684,29.1,0.03896103896103896,0.0,0.0,green,1
7c3a25ec4b97b9213879dc8daf45a0df,77,26.219573268373363,28.010533482900378,31.829576275231233,23.080819334440644,28.0,0.012987012987012988,0.012987012987012988,0.0,green,1
f718a7c4644a2b61ae37980dfeebb5d2,77,25.89483521882246,27.899379982940683,29.442969855357227,22.540333537502836,26.1,0.012987012987012988,0.0,0.0,green,1
674cf19d5e40461d302d0318d18fdbf0,77,26.474781850774015,27.89519273441783,29.70606054470153,26.695403142283045,28.6,0.012987012987012988,0.0,0.0,green,1
753b43e2da46807e17ffec635b968cdf,77,26.500226509303747,27.69664648335738,29.445732530131284,25.18931691532121,30.3,0.012987012987012988,0.0,0.0,green,1
b3aeb42c3f927841639c49e96e87d845,77,25.30199816550012,27.396890129361108,28.580688639565835,27.274911547977506,26.2,0.0,0.0,0.0,green,1
4862e53a47ea9be8cc2a13d1c4466ae4,77,24.6183855157447,27.06731002228162,28.22806706893582,23.09950669520925,24.5,0.0,0.0,0.0,green,1
ee940d4d6638af0f6a5a9385d69f7d99,77,24.383731655732177,26.86373463559273,28.794295381542348,27.781065751617216,27.9,0.0,0.0,0.0,green,1
ab792915f6a0ee6169fe5bc7fe26bb1a,77,24.58771797097542,26.790274081470432,28.304997322760222,24.894381053372022,24.4,0.0,0.0,0.0,green,1
96dc6d8dad344df529d02d552f6873fe,77,25.314367703751053,26.72742229312792,27.489837261930248,28.153539089429028,30.1,0.0,0.0,0.0,green,1
353ca68802b51f87a3ad0d186958b3b8,77,25.01828769730128,26.72667537442382,28.228756691312128,26.883464430633296,24.8,0.0,0.0,0.0,green,1
f89f9bf70965c1bd1280dea86bd5a175,77,24.56328550492095,26.585813574093418,27.929964776298483,27.801383862742334,29.2,0.0,0.0,0.0,none,0
c952f61136263ac4fc30674ca036c436,77,24.426218909147426,26.13044564203789,27.29890182528281,20.55221263638719,23.3,0.0,0.0,0.0,none,0
de8ab98d4cf8e85ede6e4897b0639c24,77,24.79851811843698,26.018818084466833,28.060076464339286,25.85088353109048,26.2,0.0,0.0,0.0,none,0
7e48424848e6a72888d77c23c725d9a9,77,24.762885950237415,25.878740058239774,27.78820682656897,25.274154478384304,25.8,0.0,0.0,0.0,none,0
f876209a17e263d3d20a1f7831ab7781,77,23.657808853067415,25.80635206843999,27.12479854647758,26.519875474588606,24.7,0.0,0.0,0.0,none,0
1b5a51fa766c0e04504e266d189844c0,77,23.494569093635857,25.71976921941317,27.041653086456677,26.403419337800038,24.7,0.0,0.0,0.0,none,0
bc1ce2dc9fcbee3f23b1bcf3e41daa48,77,23.78845995124007,25.219133684271622,26.335862628518754,25.72813411845178,25.8,0.0,0.0,0.0,none,0
011f93fb51fc01e20b3db16466295e7c,77,23.80031415063172,25.176899238234196,26.200400627162434,25.71594374427342,25.8,0.0,0.0,0.0,none,0
c25cc1f89aaec4fdf746e75354cae4ba,77,21.612768411805444,23.27025255596226,24.99647968611522,25.521680536481988,27.4,0.0,0.0,0.0,none,0
dfac0456fa0a45068b2b08dc1e0908c9,77,18.29086009994329,20.60674870546623,22.934560400879533,22.831327549298454,21.0,0.0,0.0,0.0,none,0
a86981756386581bc6a3557e95059bd5,77,18.282038533352846,19.527129961618716,21.639113192434877,21.670053711268448,20.5,0.0,0.0,0.0,none,0
e2b525dcf3eaaa324964f0bd86f6f5df,77,,,,26.158124242635758,24.5,0.0,0.0,0.0,,
9e4eeecbf01daa497e2bcf66f3554632,77,,,,28.080552352972834,31.5,0.0,0.0,0.0,,
553ada0941b88808d77224b1bc6c87ca,77,,,,25.019113310683846,24.2,0.0,0.0,0.0,,
f22021f5b61f911306f72b092ac686f4,77,,,,22.377837132119257,22.0,0.0,0.0,0.0,,
05abc08af41d91d33c3f2ddda576cd18,77,,,,27.083445643707687,27.9,0.0,0.0,0.0,,
5916379cb29762fa58f5eafc037cae64,77,,,,28.699868928486016,30.7,0.0,0.0,0.0,,
c79223ac882847f9a51224672a9aae1b,77,,,,25.85965118455886,26.7,0.0,0.0,0.0,,
0ec19b4ca51996f8e031e50cc65b8838,77,,,,20.264828878799065,20.3,0.0,0.0,0.0,,
1b28b95b2be630a1f600944c8326930a,77,,,,21.16495954785913,20.8,0.0,0.0,0.0,,
d83920262a334281b4947b0440a9e973,77,,,,27.137171402828752,31.1,0.0,0.0,0.0,,
7b10120c8279b0695acd3fa5bf27d6a0,77,,,,28.1105420762015,30.4,0.0,0.0,0.0,,
ec6288f1971e09c52dcd7f1a33da6038,77,,,,27.87134413864485,30.7,0.0,0.0,0.0,,
647e61e965b65f616cf479aab2ea4ce1,77,,,,25.18993487375803,31.5,0.0,0.0,0.0,,
4f05895107dbc3f156c756d6ac02884e,77,,,,19.661866305113588,20.0,0.0,0.0,0.0,,
d3122a42ebbbd21abaae9e4559e0152a,77,,,,22.234997527997294,26.5,0.0,0.0,0.0,,
0d9804faee281bafb30f480a1dcdd91d,77,,,,24.73062655838659,26.0,0.0,0.0,0.0,,
40360f3d8619131b6d2887d2d83ad549,77,,,,24.895721275234802,26.7,0.0,0.0,0.0,,
a490448f9ba22c52e0b5830ef6f2a647,77,,,,26.248870159444802,24.5,0.0,0.0,0.0,,
1a8a5f4827a902a62eb41910af9528ab,77,,,,26.95030829115122,26.8,0.0,0.0,0.0,,
a639659b53c773afa6ab2470d332a4f0,77,,,,27.190715397063624,28.6,0.0,0.0,0.0,,
f435b065427c635c83e5c59534221c8c,77,,,,22.558320320714746,27.2,0.0,0.0,0.0,,
efa897c6c0dcdaf2336dc64105b814eb,77,,,,27.285171819844237,26.9,0.0,0.0,0.0,,
fea4b749cfad6083c7031f8058f754c8,77,,,,23.108872454149857,26.2,0.0,0.0,0.0,,
54c5ca5234720928a54ae456ac12a432,77,,,,23.292329358514735,26.6,0.0,0.0,0.0,,
b2e60dc061332802d39a366c04895cac,77,,,,21.961906167070307,21.1,0.0,0.0,0.0,,
78224f81017726dbc042ced8a8f8216f,77,,,,23.202459353630214,25.1,0.0,0.0,0.0,,
c405071415761e75224098188da33902,77,,,,22.037596612123366,21.7,0.0,0.0,0.0,,
