venue_id,venue_name,zone,exposure,region,lat,lon,sports,n_sessions,n_gold_medal_sessions,first_session_date,last_session_date,max_session_risk_score,avg_session_risk_score,worst_session_athlete_wbgt_p90_c,worst_arrival_wbgt_p90_c,worst_session_p_black,n_sessions_red_or_black_p90,riskiest_session,svi_overall_pctile,share_65_plus,share_hh_no_vehicle,est_population_3km,lst_500m_median_c,lst_anomaly_500m_c,ozone_aqi_p90,share_days_ozone_aqi_gt_100
carson_field,Carson Field (hockey),Carson Zone,outdoor,la_metro,33.8623767,-118.2629113,Hockey,34,2,2028-07-12,2028-07-29,52.1,41.117647058823515,28.61050676083624,27.03913142381739,0.0,0,Hockey Jul 28 10:30,0.6024817596311259,0.18387482189886747,0.036071101931309975,48804.0,43.99505605118883,-2.327804008098596,47.0,0.0
intuit_dome,Intuit Dome,Inglewood Zone,indoor,la_metro,33.9442586,-118.3421719,Basketball,43,2,2028-07-12,2028-07-30,57.3,45.802325581395344,,28.383914600078885,0.0,0,Basketball Jul 25 13:00,0.7865262445201856,0.12097864688174088,0.08769264672004806,126876.0,44.7527136597483,-0.683253233979471,46.0,0.0
lb_aquatics,Long Beach Aquatics Center,Long Beach Zone,outdoor,la_metro,33.7647297,-118.1906881,"Artistic Swimming, Water Polo",33,4,2028-07-12,2028-07-29,53.8,44.63636363636364,27.44429805804753,27.23818966342131,0.0,0,Water Polo Jul 22 11:30,0.7801262996131555,0.09415469660013052,0.16332926682508087,104578.0,41.78719308315273,-2.5038959552027364,44.0,0.0
marine_stadium,Marine Stadium,Long Beach Zone,outdoor,la_metro,33.7658713,-118.1268662,"Canoe Sprint, Rowing",13,9,2028-07-15,2028-07-29,38.6,32.52307692307692,27.06698892707577,26.37344912709726,0.0,0,Rowing Jul 22 10:30,0.238919204098983,0.16645636928537386,0.03847797848994337,72741.0,39.278168418526626,-3.8697284565432284,44.0,0.0
industry_hills,Industry Hills MTB Course,City of Industry Zone,outdoor,la_metro,34.0261706,-117.9385379,Mountain Bike,2,2,2028-07-17,2028-07-18,56.0,56.0,29.09635884928856,26.86796457323883,0.0,0,Mountain Bike Jul 18 11:00,0.6432277357805948,0.1392377449604373,0.03676458766571656,77572.0,42.913207345137,-3.735747758791362,80.0,0.03494623655913978
santa_anita,Santa Anita Park,Arcadia Zone,outdoor,la_metro,34.1389561,-118.0458874,Equestrian,16,5,2028-07-15,2028-07-29,66.1,59.54999999999999,29.76570605870662,28.632160260509597,0.012987012987012988,0,Equestrian Jul 22 16:15,0.45412308101810017,0.18293394712012578,0.0417705268159025,64700.0,46.43810342368866,1.9522025554512332,126.0,0.22311827956989247
lb_shooting_hall,Long Beach Target Shooting Hall,Long Beach Zone,indoor,la_metro,33.7647297,-118.1906881,Shooting (Rifle & Pistol),7,6,2028-07-15,2028-07-23,45.9,43.92857142857143,,25.739932097843546,0.0,0,Shooting (Rifle & Pistol) Jul 17 15:00,0.7801262996131555,0.09415469660013052,0.16332926682508087,104578.0,41.78719308315273,-2.5038959552027364,44.0,0.0
carson_tennis,Carson Tennis Center (Dignity Health Sports Park),Carson Zone,outdoor,la_metro,33.8623767,-118.2629113,Tennis,41,5,2028-07-19,2028-07-28,54.2,47.69512195121951,28.585946107819225,27.223176932605956,0.0,0,Tennis Jul 26 11:00,0.6024817596311259,0.18387482189886747,0.036071101931309975,48804.0,43.99505605118883,-2.327804008098596,47.0,0.0
bmo_stadium,BMO Stadium,Exposition Park Zone,outdoor,la_metro,34.012814,-118.2840892,"Flag Football, Lacrosse",26,4,2028-07-15,2028-07-29,63.0,49.857692307692304,28.630972975839075,28.19173160574248,0.0,0,Lacrosse Jul 24 11:30,0.889761315639675,0.08244607076326733,0.18066424292001207,227191.0,44.454678368927794,-2.33653947573314,71.0,0.021505376344086023
griffith_observatory,Griffith Observatory (road cycling finish),Griffith Park Zone,outdoor,la_metro,34.1182187,-118.3002933,"Cycling Road (Road Race - Finish), Cycling Road (Time Trial - Finish)",3,3,2028-07-19,2028-07-23,54.5,50.03333333333333,29.543902465706957,27.783828944670308,0.0,0,Cycling Road (Road Race - Finish) Jul 22 11:30,0.5157286650884269,0.14890445432890007,0.1689954895258233,82788.0,37.95189406873433,-5.0247680641163335,74.0,0.021505376344086023
sepulveda_basin_2,Valley Complex 2 (Sepulveda Basin),Valley Zone,outdoor,la_metro,34.1733026,-118.4868622,"Modern Pentathlon, Skateboarding (Park)",8,4,2028-07-15,2028-07-27,65.1,49.162499999999994,30.014804202722214,27.887146416934236,0.0,0,Skateboarding (Park) Jul 25 10:30,0.5125414368774284,0.1421575817408121,0.0671343166412166,66043.0,39.22821859281644,-6.8142964041277025,129.0,0.29838709677419356
stl_stadium,Energizer Park,St. Louis Zone,outdoor,remote,38.6313184,-90.2103075,Football (Soccer) - Group & Knockout Stages,8,0,2028-07-10,2028-07-20,,,,,,0,,,,,,,,67.0,0.016129032258064516
ny_stadium,Etihad Park,New York Zone,outdoor,remote,40.7583415,-73.8433618,Football (Soccer) - Group & Knockout Stages,9,0,2028-07-10,2028-07-20,,,,,,0,,,,,,,,87.0,0.051075268817204304
fairplex_cricket,Fairgrounds Cricket Stadium (Fairplex),Pomona Zone,outdoor,la_metro,34.0870515,-117.7668542,Cricket,28,2,2028-07-12,2028-07-29,66.4,63.18928571428571,29.930413512208883,27.801383862742334,0.012987012987012988,0,Cricket Jul 26 09:00,0.7307144233518286,0.1444376036552249,0.06587964703957196,61516.0,47.23916496816421,1.1143602628049933,156.0,0.4327956989247312
galen_center,Galen Center,Exposition Park Zone,indoor,la_metro,34.020753,-118.2797965,"Badminton, Rhythmic Gymnastics",31,7,2028-07-15,2028-07-29,59.0,45.9516129032258,,28.167065235179983,0.0,0,Rhythmic Gymnastics Jul 27 12:30,0.880924266400335,0.08445838018839198,0.19996670316057882,219220.0,44.8627076408096,-2.06563381306729,71.0,0.021505376344086023
dodger_stadium,Dodger Stadium,DTLA Zone,outdoor,la_metro,34.0736255,-118.2398452,Baseball,12,1,2028-07-13,2028-07-19,55.8,46.43333333333333,28.152246310603047,25.87354606707796,0.0,0,Baseball Jul 19 11:00,0.7157546100855401,0.12754781312621502,0.17472194450716344,136948.0,45.93319292054734,0.29604478539991064,74.0,0.021505376344086023
la_coliseum,Los Angeles Memorial Coliseum,Exposition Park Zone,outdoor,la_metro,34.0139159,-118.2877996,"Athletics (Track & Field), Closing Ceremony, Opening Ceremony - Celebration",19,14,2028-07-14,2028-07-30,57.5,50.77647058823529,28.017949031184322,27.56473534315184,0.0,0,Athletics (Track & Field) Jul 22 14:05,0.8842784729266543,0.0861414204475082,0.1814579007213871,223828.0,43.448269839247956,-3.1241998908030304,71.0,0.021505376344086023
sd_stadium,Snapdragon Stadium,San Diego Zone,outdoor,remote,32.7842418,-117.1223904,Football (Soccer) - Group & Knockout Stages,11,0,2028-07-11,2028-07-28,53.2,43.6,27.646738135440405,27.462593091847733,0.0,0,Football (Soccer) - Group & Knockout Stages Jul 24 13:00,,,,,,,46.0,0.0
sepulveda_basin_4,Valley Complex 4 (Sepulveda Basin),Valley Zone,outdoor,la_metro,34.1733026,-118.4868622,BMX Racing,2,1,2028-07-15,2028-07-16,60.0,59.35,28.767521373218322,27.113525543013456,0.0,0,BMX Racing Jul 16 10:30,0.5125414368774284,0.1421575817408121,0.0671343166412166,66043.0,39.22821859281644,-6.8142964041277025,129.0,0.29838709677419356
universal_squash,Comcast Squash Center at Universal Studios,Universal City Zone,indoor,la_metro,34.1392322,-118.3543834,Squash,10,2,2028-07-15,2028-07-24,40.1,36.68,,24.221640356444983,0.0,0,Squash Jul 20 19:30,0.27314579213257967,0.13454548874799477,0.060475225266751254,57367.0,42.11921961330288,-0.5442844072706237,108.0,0.15053763440860216
crypto_arena,Crypto.com Arena,DTLA Zone,indoor,la_metro,34.0429979,-118.2671352,"Artistic Gymnastics, Boxing - Final Stages, Trampoline Gymnastics",24,17,2028-07-15,2028-07-30,59.7,52.54999999999999,,28.65033090522727,0.0,0,Trampoline Gymnastics Jul 21 12:30,0.8390710676842138,0.11034913662248746,0.3229660791465282,250992.0,44.956872521372205,-1.7580160159927765,74.0,0.021505376344086023
peacock_theater,Peacock Theater,DTLA Zone,indoor,la_metro,34.0445026,-118.2670716,"Boxing - Preliminary Stages, Weightlifting",27,10,2028-07-15,2028-07-29,60.3,50.62592592592591,,29.002715355944154,0.0,0,Weightlifting Jul 27 14:10,0.8362896053815339,0.11167189175274518,0.3209798271133104,255553.0,44.59364344327564,-2.0377940076130585,74.0,0.021505376344086023
carson_velodrome,VELO Sports Center,Carson Zone,indoor,la_metro,33.8590663,-118.259801,Cycling Track,9,6,2028-07-25,2028-07-30,51.0,41.388888888888886,,28.489820634428874,0.0,0,Cycling Track Jul 26 13:45,0.5814854964957744,0.1835093155427191,0.03493403822842241,46738.0,45.287884775188154,-0.8750988628050465,47.0,0.0
nashville_stadium,GEODIS Park,Nashville Zone,outdoor,remote,36.130025,-86.7659442,Football (Soccer) - Group & Knockout Stages,9,0,2028-07-10,2028-07-21,,,,,,0,,,,,,,,58.0,0.010752688172043012
columbus_stadium,ScottsMiracle-Gro Field,Columbus Zone,outdoor,remote,39.968362,-83.0166582,Football (Soccer) - Group & Knockout Stages,9,0,2028-07-10,2028-07-20,,,,,,0,,,,,,,,54.0,0.002688172043010753
la_zoo,Los Angeles Zoo (time trial start),Griffith Park Zone,outdoor,la_metro,34.1482513,-118.2892689,Cycling Road (Time Trial - Start),1,1,2028-07-19,2028-07-19,60.9,60.9,29.11384451914229,26.49711276985088,0.0,0,Cycling Road (Time Trial - Start) Jul 19 10:30,0.6375067023523571,0.16911922138750024,0.11032444657081901,61347.0,38.9930650526568,-3.884365372987478,108.0,0.15053763440860216
lb_arena,Long Beach Arena,Long Beach Zone,indoor,la_metro,33.7640942,-118.1883741,Handball,46,2,2028-07-12,2028-07-28,51.2,42.67391304347827,,27.36444372429457,0.0,0,Handball Jul 22 14:00,0.7738358699694163,0.09577072861356313,0.16007091093644696,107248.0,41.9957896607921,-2.275732057342644,44.0,0.0
venice_beach,Venice Beach,Venice Zone,outdoor,la_metro,33.9799601,-118.468771,Triathlon,3,3,2028-07-15,2028-07-20,27.5,24.633333333333336,26.7016049284952,20.198024824148796,0.0,0,Triathlon Jul 20 08:00,0.2487299651682867,0.14932179522434935,0.08497723941763283,56144.0,39.29333026391227,-2.0606573836956343,43.0,0.0
lb_climbing,Long Beach Climbing Theater,Long Beach Zone,outdoor,la_metro,33.7647297,-118.1906881,Climbing,10,5,2028-07-24,2028-07-29,54.1,43.669999999999995,27.296601863933116,27.363918456058798,0.0,0,Climbing Jul 24 13:45,0.7801262996131555,0.09415469660013052,0.16332926682508087,104578.0,41.78719308315273,-2.5038959552027364,44.0,0.0
port_of_la,Port of Los Angeles (sailing),Port of Los Angeles Zone,outdoor,la_metro,33.7239147,-118.2825205,"Sailing (Dinghy, Skiff & Multihull)",6,3,2028-07-23,2028-07-28,50.3,50.083333333333336,26.823257015357733,26.920518888398213,0.0,0,"Sailing (Dinghy, Skiff & Multihull) Jul 23 14:00",0.6237465795178386,0.13942373275072925,0.1003758026912893,62846.0,42.343694402334236,-0.8761665694736465,44.0,0.0
belmont_shore,Belmont Shore,Long Beach Zone,outdoor,la_metro,33.7572435,-118.1370107,"Open Water Swimming, Rowing Coastal Beach Sprints, Sailing (Windsurfing & Kite)",11,6,2028-07-16,2028-07-25,45.1,39.98181818181819,27.362583311826207,27.180826974318148,0.0,0,Rowing Coastal Beach Sprints Jul 25 14:00,0.25663974898633546,0.16622647675774047,0.04377574088491976,63598.0,42.23614688798067,-0.7561596559308086,44.0,0.0
honda_center,Honda Center,Anaheim Zone,indoor,la_metro,33.8078316,-117.876534,Volleyball,52,2,2028-07-15,2028-07-30,55.5,44.26923076923078,,28.384123789488623,0.0,0,Volleyball Jul 24 13:00,0.6492647210536929,0.10353301803233088,0.039734922549210024,65718.0,47.43342904084868,0.4938292016918844,50.0,0.008064516129032258
la_convention_center,Los Angeles Convention Center,DTLA Zone,indoor,la_metro,34.0414677,-118.2689803,"Fencing, Judo, Table Tennis, Taekwondo, Wrestling",96,33,2028-07-15,2028-07-30,62.3,50.292708333333344,,29.224968020956542,0.0,0,Table Tennis Jul 23 14:00,0.8429400714333551,0.10879754283099419,0.3231605710375201,251468.0,45.231211044975936,-1.3487515220421429,74.0,0.021505376344086023
riviera_cc,Riviera Country Club,Riviera Zone,outdoor,la_metro,34.0451645,-118.5024932,Golf,10,3,2028-07-19,2028-07-29,43.1,37.529999999999994,28.754217046386696,26.062832727110802,0.012987012987012988,0,Golf Jul 23 10:00,0.2345785426721352,0.21841170872377855,0.05693533352717709,64796.0,34.28187011868873,-3.5074867709350173,46.0,0.0
alamitos_beach,Alamitos Beach Stadium,Long Beach Zone,outdoor,la_metro,33.7622,-118.178,Beach Volleyball,39,2,2028-07-15,2028-07-29,51.7,37.56666666666667,27.396890129361108,27.323672542830163,0.0,0,Beach Volleyball Jul 23 13:00,0.722444167544943,0.09900287134830982,0.1447523855740016,119359.0,40.29293224720002,-3.915892902295056,44.0,0.0
sepulveda_basin_3,Valley Complex 3 (Sepulveda Basin),Valley Zone,outdoor,la_metro,34.1733026,-118.4868622,3x3 Basketball,20,1,2028-07-16,2028-07-22,66.3,46.95,29.24581044239654,29.538258325157535,0.012987012987012988,0,3x3 Basketball Jul 21 14:00,0.5125414368774284,0.1421575817408121,0.0671343166412166,66043.0,39.22821859281644,-6.8142964041277025,129.0,0.29838709677419356
carson_stadium,Carson Stadium (Dignity Health Sports Park),Carson Zone,outdoor,la_metro,33.8623767,-118.2629113,"Archery, Rugby Sevens",29,8,2028-07-12,2028-07-28,54.2,40.53793103448275,28.585946107819225,27.245351172618406,0.0,0,Archery Jul 26 10:30,0.6024817596311259,0.18387482189886747,0.036071101931309975,48804.0,43.99505605118883,-2.327804008098596,47.0,0.0
sepulveda_basin_1,Valley Complex 1 (Sepulveda Basin),Valley Zone,outdoor,la_metro,34.1733026,-118.4868622,"BMX Freestyle, Skateboarding (Street)",6,3,2028-07-18,2028-07-29,62.9,48.98333333333333,29.485730190582892,27.59238800927128,0.0,0,BMX Freestyle Jul 28 10:30,0.5125414368774284,0.1421575817408121,0.0671343166412166,66043.0,39.22821859281644,-6.8142964041277025,129.0,0.29838709677419356
rose_bowl_aquatics,Rose Bowl Aquatics Center,Pasadena Zone,outdoor,la_metro,34.1512722,-118.1643208,Diving,16,8,2028-07-16,2028-07-28,73.0,64.025,30.248246554830743,30.079140488185317,0.0,0,Diving Jul 26 14:00,0.5243720253796974,0.17175720663632174,0.1118154541255828,66806.0,39.53865394650686,-2.5830604621436777,126.0,0.22043010752688172
whittier_narrows,Whittier Narrows Clay Shooting Center,Whittier Narrows Zone,outdoor,la_metro,34.03502,-118.0510434,Shooting (Shotgun),5,3,2028-07-17,2028-07-24,59.2,56.88000000000001,30.009288893818105,25.599474987264383,0.0,0,Shooting (Shotgun) Jul 24 09:30,0.737510568877609,0.15015709683397863,0.06567339261203715,40332.0,42.338014644481206,-3.0637092939680954,87.0,0.0456989247311828
venice_boardwalk,Venice Beach Boardwalk,Venice Zone,outdoor,la_metro,33.9867133,-118.4741048,"Athletics (Marathon - Start), Cycling Road (Road Race - Start)",4,4,2028-07-22,2028-07-30,47.5,36.3,27.906374399109,27.2205603838103,0.0,0,Cycling Road (Road Race - Start) Jul 22 11:30,0.28792142029818013,0.15575356614360425,0.09596654386371305,60810.0,40.694691283321575,-0.53840610768777,43.0,0.0
okc_whitewater,Riversport OKC,OKC Zone,outdoor,remote,35.453,-97.506,Canoe Slalom,9,5,2028-07-14,2028-07-22,68.9,60.93333333333333,31.555652050210345,26.89489474635778,0.03896103896103896,1,Canoe Slalom Jul 15 08:00,,,,,,,77.0,0.01881720430107527
sofi_stadium,SoFi Stadium,Inglewood Zone,covered,la_metro,33.9534074,-118.3390098,"Opening Ceremony, Swimming",18,9,2028-07-14,2028-07-30,43.5,38.63529411764706,23.545227303977807,27.342319054179843,0.0,0,Swimming Jul 30 15:00,0.7949743701228478,0.1275460706213522,0.09863803257310466,134132.0,42.962126805734115,-2.661845745331796,46.0,0.0
rose_bowl,Rose Bowl Stadium,Pasadena Zone,outdoor,la_metro,34.1613492,-118.1676674,Football (Soccer) - Final Stages,5,2,2028-07-21,2028-07-29,74.6,53.49999999999999,29.9115526680755,29.237474909944755,0.0,0,Football (Soccer) - Final Stages Jul 29 12:30,0.5912465443947986,0.1668789224664589,0.10373286285397151,59559.0,42.076758266294206,0.38685025215099245,126.0,0.22043010752688172
okc_softball,Devon Park (USA Softball Hall of Fame Stadium),OKC Zone,outdoor,remote,35.5247119,-97.4642798,Softball,17,1,2028-07-23,2028-07-29,86.4,65.91176470588235,32.17367036619561,31.930746678277295,0.1038961038961039,5,Softball Jul 27 14:00,,,,,,,84.0,0.021505376344086023
sj_stadium,PayPal Park,San José Zone,outdoor,remote,37.3513087,-121.924672,Football (Soccer) - Group & Knockout Stages,7,0,2028-07-11,2028-07-21,,,,,,0,,,,,,,,44.0,0.0064516129032258064
trestles,Trestles State Beach,Trestles Beach Zone,outdoor,socal,33.3883865,-117.5945414,Surfing,4,1,2028-07-15,2028-07-18,23.7,23.5,26.04121019421259,19.443768640505244,0.0,0,Surfing Jul 18 07:00,0.1978476134375511,0.19456930904618175,0.010600869257293257,5084.0,31.764108465696065,-5.258953065099597,,
