venue_id,venue_name,exposure,forecast_date,peak_wbgt_sun_c,peak_temp_c,conditions_at_peak,baseline_p90_peak_wbgt_c,forecast_flag,issued_at
universal_squash,Comcast Squash Center at Universal Studios,indoor,2026-10-08,32.668086346963435,35.0,Sunny,29.598592710129054,black,2026-10-05 17:33:54.046032-07
rose_bowl,Rose Bowl Stadium,outdoor,2026-10-07,32.66365495542976,37.77777777777778,Sunny,29.706287998047973,black,2026-10-05 17:33:54.046032-07
la_coliseum,Los Angeles Memorial Coliseum,outdoor,2026-10-08,32.56059686079306,34.44444444444444,Sunny,28.267228136377383,black,2026-10-05 17:33:54.046032-07
industry_hills,Industry Hills MTB Course,outdoor,2026-10-06,32.51987495702038,38.888888888888886,Sunny,29.75406322055901,black,2026-10-05 17:33:54.046032-07
galen_center,Galen Center,indoor,2026-10-08,32.39698280573794,34.44444444444444,Sunny,28.2221013978126,black,2026-10-05 17:33:54.046032-07
universal_squash,Comcast Squash Center at Universal Studios,indoor,2026-10-07,32.38543428761322,36.111111111111114,Sunny,29.598592710129054,black,2026-10-05 17:33:54.046032-07
industry_hills,Industry Hills MTB Course,outdoor,2026-10-08,32.28883875538993,36.111111111111114,Sunny,29.75406322055901,black,2026-10-05 17:33:54.046032-07
rose_bowl,Rose Bowl Stadium,outdoor,2026-10-08,32.18897120457015,36.111111111111114,Sunny,29.706287998047973,red,2026-10-05 17:33:54.046032-07
industry_hills,Industry Hills MTB Course,outdoor,2026-10-07,32.13490479322351,37.22222222222222,Sunny,29.75406322055901,red,2026-10-05 17:33:54.046032-07
la_coliseum,Los Angeles Memorial Coliseum,outdoor,2026-10-09,31.795913704742574,32.77777777777778,Sunny,28.267228136377383,red,2026-10-05 17:33:54.046032-07
fairplex_cricket,Fairgrounds Cricket Stadium (Fairplex),outdoor,2026-10-09,31.68267383302122,35.55555555555556,Sunny,29.629236487533856,red,2026-10-05 17:33:54.046032-07
industry_hills,Industry Hills MTB Course,outdoor,2026-10-09,31.596336145838812,35.0,Sunny,29.75406322055901,red,2026-10-05 17:33:54.046032-07
rose_bowl,Rose Bowl Stadium,outdoor,2026-10-09,31.48479667135107,34.44444444444444,Sunny,29.706287998047973,red,2026-10-05 17:33:54.046032-07
intuit_dome,Intuit Dome,indoor,2026-10-06,31.46317331627713,36.111111111111114,Sunny,28.193955678043555,red,2026-10-05 17:33:54.046032-07
fairplex_cricket,Fairgrounds Cricket Stadium (Fairplex),outdoor,2026-10-08,31.36945854172129,36.111111111111114,Sunny,29.629236487533856,red,2026-10-05 17:33:54.046032-07
galen_center,Galen Center,indoor,2026-10-09,31.356148581024293,32.77777777777778,Sunny,28.2221013978126,red,2026-10-05 17:33:54.046032-07
intuit_dome,Intuit Dome,indoor,2026-10-09,31.13759733281171,30.555555555555557,Sunny,28.193955678043555,red,2026-10-05 17:33:54.046032-07
carson_tennis,Carson Tennis Center (Dignity Health Sports Park),outdoor,2026-10-09,31.133838168908106,31.11111111111111,Sunny,28.00945120786657,red,2026-10-05 17:33:54.046032-07
carson_stadium,Carson Stadium (Dignity Health Sports Park),outdoor,2026-10-09,31.133838168908106,31.11111111111111,Sunny,28.00945120786657,red,2026-10-05 17:33:54.046032-07
carson_field,Carson Field (hockey),outdoor,2026-10-09,31.133838168908106,31.11111111111111,Sunny,28.00945120786657,red,2026-10-05 17:33:54.046032-07
fairplex_cricket,Fairgrounds Cricket Stadium (Fairplex),outdoor,2026-10-07,31.109005564128086,36.666666666666664,Sunny,29.629236487533856,red,2026-10-05 17:33:54.046032-07
la_coliseum,Los Angeles Memorial Coliseum,outdoor,2026-10-06,31.05456565504162,37.22222222222222,Sunny,28.267228136377383,yellow,2026-10-05 17:33:54.046032-07
la_coliseum,Los Angeles Memorial Coliseum,outdoor,2026-10-07,30.841153495163464,35.55555555555556,Sunny,28.267228136377383,yellow,2026-10-05 17:33:54.046032-07
belmont_shore,Belmont Shore,outdoor,2026-10-07,30.66253596650332,28.88888888888889,Sunny,26.827843812189933,yellow,2026-10-05 17:33:54.046032-07
rose_bowl,Rose Bowl Stadium,outdoor,2026-10-10,30.580916263733535,31.11111111111111,Sunny,29.706287998047973,yellow,2026-10-05 17:33:54.046032-07
rose_bowl,Rose Bowl Stadium,outdoor,2026-10-06,30.559685281504553,39.44444444444444,Sunny,29.706287998047973,yellow,2026-10-05 17:33:54.046032-07
galen_center,Galen Center,indoor,2026-10-07,30.497488216171586,35.55555555555556,Sunny,28.2221013978126,yellow,2026-10-05 17:33:54.046032-07
intuit_dome,Intuit Dome,indoor,2026-10-08,30.455466517542497,32.77777777777778,Sunny,28.193955678043555,yellow,2026-10-05 17:33:54.046032-07
industry_hills,Industry Hills MTB Course,outdoor,2026-10-10,30.320144394219056,31.666666666666668,Sunny,29.75406322055901,yellow,2026-10-05 17:33:54.046032-07
universal_squash,Comcast Squash Center at Universal Studios,indoor,2026-10-06,30.23554122724471,37.22222222222222,Sunny,29.598592710129054,yellow,2026-10-05 17:33:54.046032-07
carson_tennis,Carson Tennis Center (Dignity Health Sports Park),outdoor,2026-10-07,30.18565575091786,33.888888888888886,Sunny,28.00945120786657,yellow,2026-10-05 17:33:54.046032-07
carson_stadium,Carson Stadium (Dignity Health Sports Park),outdoor,2026-10-07,30.18565575091786,33.888888888888886,Sunny,28.00945120786657,yellow,2026-10-05 17:33:54.046032-07
carson_field,Carson Field (hockey),outdoor,2026-10-07,30.18565575091786,33.888888888888886,Sunny,28.00945120786657,yellow,2026-10-05 17:33:54.046032-07
carson_stadium,Carson Stadium (Dignity Health Sports Park),outdoor,2026-10-08,30.028762387878082,32.77777777777778,Sunny,28.00945120786657,yellow,2026-10-05 17:33:54.046032-07
carson_field,Carson Field (hockey),outdoor,2026-10-08,30.028762387878082,32.77777777777778,Sunny,28.00945120786657,yellow,2026-10-05 17:33:54.046032-07
carson_tennis,Carson Tennis Center (Dignity Health Sports Park),outdoor,2026-10-08,30.028762387878082,32.77777777777778,Sunny,28.00945120786657,yellow,2026-10-05 17:33:54.046032-07
universal_squash,Comcast Squash Center at Universal Studios,indoor,2026-10-09,29.858252379922394,33.333333333333336,Sunny,29.598592710129054,yellow,2026-10-05 17:33:54.046032-07
fairplex_cricket,Fairgrounds Cricket Stadium (Fairplex),outdoor,2026-10-10,29.795878740337983,31.11111111111111,Sunny,29.629236487533856,yellow,2026-10-05 17:33:54.046032-07
trestles,Trestles State Beach,outdoor,2026-10-06,29.7863325774791,31.11111111111111,Sunny,26.65001864087178,yellow,2026-10-05 17:33:54.046032-07
intuit_dome,Intuit Dome,indoor,2026-10-07,29.733538401633893,33.888888888888886,Sunny,28.193955678043555,yellow,2026-10-05 17:33:54.046032-07
riviera_cc,Riviera Country Club,outdoor,2026-10-08,29.685457341938406,28.333333333333332,Sunny,28.128523558083785,yellow,2026-10-05 17:33:54.046032-07
galen_center,Galen Center,indoor,2026-10-06,29.63897696590065,36.666666666666664,Sunny,28.2221013978126,yellow,2026-10-05 17:33:54.046032-07
riviera_cc,Riviera Country Club,outdoor,2026-10-07,29.583093167251324,29.444444444444443,Sunny,28.128523558083785,yellow,2026-10-05 17:33:54.046032-07
fairplex_cricket,Fairgrounds Cricket Stadium (Fairplex),outdoor,2026-10-06,29.490696858197918,37.77777777777778,Sunny,29.629236487533856,yellow,2026-10-05 17:33:54.046032-07
carson_field,Carson Field (hockey),outdoor,2026-10-06,29.386174721393616,35.0,Sunny,28.00945120786657,green,2026-10-05 17:33:54.046032-07
carson_stadium,Carson Stadium (Dignity Health Sports Park),outdoor,2026-10-06,29.386174721393616,35.0,Sunny,28.00945120786657,green,2026-10-05 17:33:54.046032-07
carson_tennis,Carson Tennis Center (Dignity Health Sports Park),outdoor,2026-10-06,29.386174721393616,35.0,Sunny,28.00945120786657,green,2026-10-05 17:33:54.046032-07
galen_center,Galen Center,indoor,2026-10-10,29.116411919092158,30.555555555555557,Sunny,28.2221013978126,green,2026-10-05 17:33:54.046032-07
trestles,Trestles State Beach,outdoor,2026-10-07,29.056887865639013,28.88888888888889,Sunny,26.65001864087178,green,2026-10-05 17:33:54.046032-07
la_coliseum,Los Angeles Memorial Coliseum,outdoor,2026-10-10,28.779101669214207,30.0,Sunny,28.267228136377383,green,2026-10-05 17:33:54.046032-07
belmont_shore,Belmont Shore,outdoor,2026-10-08,28.75250056046819,27.22222222222222,Sunny,26.827843812189933,green,2026-10-05 17:33:54.046032-07
trestles,Trestles State Beach,outdoor,2026-10-08,28.60900243319864,27.77777777777778,Sunny,26.65001864087178,green,2026-10-05 17:33:54.046032-07
riviera_cc,Riviera Country Club,outdoor,2026-10-09,28.512418303343292,28.333333333333332,Sunny,28.128523558083785,green,2026-10-05 17:33:54.046032-07
universal_squash,Comcast Squash Center at Universal Studios,indoor,2026-10-10,28.39190983962642,30.0,Sunny,29.598592710129054,green,2026-10-05 17:33:54.046032-07
venice_boardwalk,Venice Beach Boardwalk,outdoor,2026-10-09,28.353440293060544,27.22222222222222,Sunny,27.224481516575334,green,2026-10-05 17:33:54.046032-07
belmont_shore,Belmont Shore,outdoor,2026-10-06,28.334029387811743,30.555555555555557,Sunny,26.827843812189933,green,2026-10-05 17:33:54.046032-07
venice_boardwalk,Venice Beach Boardwalk,outdoor,2026-10-06,28.27498852654662,28.88888888888889,Sunny,27.224481516575334,green,2026-10-05 17:33:54.046032-07
carson_stadium,Carson Stadium (Dignity Health Sports Park),outdoor,2026-10-10,28.174203273372033,29.444444444444443,Mostly Sunny,28.00945120786657,green,2026-10-05 17:33:54.046032-07
carson_tennis,Carson Tennis Center (Dignity Health Sports Park),outdoor,2026-10-10,28.174203273372033,29.444444444444443,Mostly Sunny,28.00945120786657,green,2026-10-05 17:33:54.046032-07
carson_field,Carson Field (hockey),outdoor,2026-10-10,28.174203273372033,29.444444444444443,Mostly Sunny,28.00945120786657,green,2026-10-05 17:33:54.046032-07
intuit_dome,Intuit Dome,indoor,2026-10-10,28.004860572753227,28.333333333333332,Mostly Sunny,28.193955678043555,green,2026-10-05 17:33:54.046032-07
belmont_shore,Belmont Shore,outdoor,2026-10-09,27.969712020191135,27.22222222222222,Sunny,26.827843812189933,green,2026-10-05 17:33:54.046032-07
trestles,Trestles State Beach,outdoor,2026-10-09,27.785738917058595,26.11111111111111,Sunny,26.65001864087178,green,2026-10-05 17:33:54.046032-07
venice_boardwalk,Venice Beach Boardwalk,outdoor,2026-10-10,27.433566675194243,25.555555555555557,Mostly Sunny,27.224481516575334,green,2026-10-05 17:33:54.046032-07
riviera_cc,Riviera Country Club,outdoor,2026-10-10,27.41517309382798,26.11111111111111,Sunny,28.128523558083785,green,2026-10-05 17:33:54.046032-07
trestles,Trestles State Beach,outdoor,2026-10-05,27.379668469604177,31.11111111111111,Sunny,26.65001864087178,green,2026-10-05 17:33:54.046032-07
riviera_cc,Riviera Country Club,outdoor,2026-10-06,27.275422406720295,32.22222222222222,Sunny,28.128523558083785,green,2026-10-05 17:33:54.046032-07
belmont_shore,Belmont Shore,outdoor,2026-10-10,27.261022888954127,25.555555555555557,Mostly Sunny,26.827843812189933,green,2026-10-05 17:33:54.046032-07
okc_softball,Devon Park (USA Softball Hall of Fame Stadium),outdoor,2026-10-07,26.799806091308675,30.555555555555557,Sunny,32.60540049908371,green,2026-10-05 17:33:54.046032-07
okc_softball,Devon Park (USA Softball Hall of Fame Stadium),outdoor,2026-10-08,26.778644447113788,30.0,Sunny,32.60540049908371,green,2026-10-05 17:33:54.046032-07
venice_boardwalk,Venice Beach Boardwalk,outdoor,2026-10-08,26.7621955205929,26.666666666666668,Sunny,27.224481516575334,green,2026-10-05 17:33:54.046032-07
venice_boardwalk,Venice Beach Boardwalk,outdoor,2026-10-07,26.712562153309136,27.22222222222222,Sunny,27.224481516575334,green,2026-10-05 17:33:54.046032-07
okc_softball,Devon Park (USA Softball Hall of Fame Stadium),outdoor,2026-10-09,26.70396832921421,30.0,Sunny,32.60540049908371,green,2026-10-05 17:33:54.046032-07
okc_softball,Devon Park (USA Softball Hall of Fame Stadium),outdoor,2026-10-11,26.691474959606257,30.555555555555557,Sunny,32.60540049908371,none,2026-10-05 17:33:54.046032-07
trestles,Trestles State Beach,outdoor,2026-10-10,26.44119747570492,24.444444444444443,Mostly Sunny,26.65001864087178,none,2026-10-05 17:33:54.046032-07
fairplex_cricket,Fairgrounds Cricket Stadium (Fairplex),outdoor,2026-10-11,26.434380707194144,27.22222222222222,Sunny,29.629236487533856,none,2026-10-05 17:33:54.046032-07
universal_squash,Comcast Squash Center at Universal Studios,indoor,2026-10-05,26.237225680963803,35.55555555555556,Sunny,29.598592710129054,none,2026-10-05 17:33:54.046032-07
industry_hills,Industry Hills MTB Course,outdoor,2026-10-11,26.148778837797174,27.22222222222222,Mostly Sunny,29.75406322055901,none,2026-10-05 17:33:54.046032-07
rose_bowl,Rose Bowl Stadium,outdoor,2026-10-11,25.998067042718738,26.666666666666668,Mostly Sunny,29.706287998047973,none,2026-10-05 17:33:54.046032-07
okc_softball,Devon Park (USA Softball Hall of Fame Stadium),outdoor,2026-10-10,25.837650566099686,30.0,Sunny,32.60540049908371,none,2026-10-05 17:33:54.046032-07
la_coliseum,Los Angeles Memorial Coliseum,outdoor,2026-10-05,25.83494618820163,33.333333333333336,Sunny,28.267228136377383,none,2026-10-05 17:33:54.046032-07
industry_hills,Industry Hills MTB Course,outdoor,2026-10-05,25.776681370989472,35.55555555555556,Sunny,29.75406322055901,none,2026-10-05 17:33:54.046032-07
la_coliseum,Los Angeles Memorial Coliseum,outdoor,2026-10-11,25.57708499129539,26.666666666666668,Mostly Sunny,28.267228136377383,none,2026-10-05 17:33:54.046032-07
galen_center,Galen Center,indoor,2026-10-11,25.57678917938738,26.666666666666668,Mostly Sunny,28.2221013978126,none,2026-10-05 17:33:54.046032-07
fairplex_cricket,Fairgrounds Cricket Stadium (Fairplex),outdoor,2026-10-05,25.546848439846112,35.55555555555556,Sunny,29.629236487533856,none,2026-10-05 17:33:54.046032-07
carson_stadium,Carson Stadium (Dignity Health Sports Park),outdoor,2026-10-11,25.201164155148852,26.11111111111111,Mostly Sunny,28.00945120786657,none,2026-10-05 17:33:54.046032-07
carson_tennis,Carson Tennis Center (Dignity Health Sports Park),outdoor,2026-10-11,25.201164155148852,26.11111111111111,Mostly Sunny,28.00945120786657,none,2026-10-05 17:33:54.046032-07
carson_field,Carson Field (hockey),outdoor,2026-10-11,25.201164155148852,26.11111111111111,Mostly Sunny,28.00945120786657,none,2026-10-05 17:33:54.046032-07
okc_softball,Devon Park (USA Softball Hall of Fame Stadium),outdoor,2026-10-06,25.14814390376918,28.88888888888889,Sunny,32.60540049908371,none,2026-10-05 17:33:54.046032-07
intuit_dome,Intuit Dome,indoor,2026-10-11,25.131781903019363,25.555555555555557,Mostly Sunny,28.193955678043555,none,2026-10-05 17:33:54.046032-07
rose_bowl,Rose Bowl Stadium,outdoor,2026-10-05,24.984865745113268,34.44444444444444,Sunny,29.706287998047973,none,2026-10-05 17:33:54.046032-07
universal_squash,Comcast Squash Center at Universal Studios,indoor,2026-10-11,24.71542084114057,25.555555555555557,Mostly Sunny,29.598592710129054,none,2026-10-05 17:33:54.046032-07
intuit_dome,Intuit Dome,indoor,2026-10-05,24.49566850345258,30.555555555555557,Sunny,28.193955678043555,none,2026-10-05 17:33:54.046032-07
riviera_cc,Riviera Country Club,outdoor,2026-10-11,24.249928149194886,23.333333333333332,Mostly Sunny,28.128523558083785,none,2026-10-05 17:33:54.046032-07
carson_stadium,Carson Stadium (Dignity Health Sports Park),outdoor,2026-10-05,24.213461579534016,30.0,Sunny,28.00945120786657,none,2026-10-05 17:33:54.046032-07
carson_field,Carson Field (hockey),outdoor,2026-10-05,24.213461579534016,30.0,Sunny,28.00945120786657,none,2026-10-05 17:33:54.046032-07
carson_tennis,Carson Tennis Center (Dignity Health Sports Park),outdoor,2026-10-05,24.213461579534016,30.0,Sunny,28.00945120786657,none,2026-10-05 17:33:54.046032-07
riviera_cc,Riviera Country Club,outdoor,2026-10-05,24.167596758801714,32.22222222222222,Mostly Clear,28.128523558083785,none,2026-10-05 17:33:54.046032-07
belmont_shore,Belmont Shore,outdoor,2026-10-05,24.004308997495286,27.77777777777778,Sunny,26.827843812189933,none,2026-10-05 17:33:54.046032-07
galen_center,Galen Center,indoor,2026-10-05,23.97583180251628,32.77777777777778,Sunny,28.2221013978126,none,2026-10-05 17:33:54.046032-07
venice_boardwalk,Venice Beach Boardwalk,outdoor,2026-10-11,23.922762977539207,22.77777777777778,Mostly Sunny,27.224481516575334,none,2026-10-05 17:33:54.046032-07
belmont_shore,Belmont Shore,outdoor,2026-10-11,23.422907463116914,23.333333333333332,Partly Sunny,26.827843812189933,none,2026-10-05 17:33:54.046032-07
ny_stadium,Etihad Park,outdoor,2026-10-08,22.887008829310794,25.0,Sunny,31.14952543571452,none,2026-10-05 17:33:54.046032-07
trestles,Trestles State Beach,outdoor,2026-10-11,21.94071380284638,23.333333333333332,Slight Chance Rain Showers,26.65001864087178,none,2026-10-05 17:33:54.046032-07
venice_boardwalk,Venice Beach Boardwalk,outdoor,2026-10-05,21.835451528498965,27.22222222222222,Mostly Clear,27.224481516575334,none,2026-10-05 17:33:54.046032-07
okc_softball,Devon Park (USA Softball Hall of Fame Stadium),outdoor,2026-10-12,19.95675834919698,22.77777777777778,Mostly Clear,32.60540049908371,none,2026-10-05 17:33:54.046032-07
ny_stadium,Etihad Park,outdoor,2026-10-09,19.717800992436768,21.666666666666668,Sunny,31.14952543571452,none,2026-10-05 17:33:54.046032-07
okc_softball,Devon Park (USA Softball Hall of Fame Stadium),outdoor,2026-10-05,18.781369235579067,25.555555555555557,Clear,32.60540049908371,none,2026-10-05 17:33:54.046032-07
belmont_shore,Belmont Shore,outdoor,2026-10-12,18.734007688506487,20.555555555555557,Slight Chance Rain Showers,26.827843812189933,none,2026-10-05 17:33:54.046032-07
ny_stadium,Etihad Park,outdoor,2026-10-11,18.636712020717,19.444444444444443,Mostly Sunny,31.14952543571452,none,2026-10-05 17:33:54.046032-07
venice_boardwalk,Venice Beach Boardwalk,outdoor,2026-10-12,18.558101490339435,20.0,Slight Chance Rain Showers,27.224481516575334,none,2026-10-05 17:33:54.046032-07
ny_stadium,Etihad Park,outdoor,2026-10-10,18.50534196740626,20.0,Sunny,31.14952543571452,none,2026-10-05 17:33:54.046032-07
carson_tennis,Carson Tennis Center (Dignity Health Sports Park),outdoor,2026-10-12,18.354568682980528,20.0,Slight Chance Rain Showers,28.00945120786657,none,2026-10-05 17:33:54.046032-07
carson_stadium,Carson Stadium (Dignity Health Sports Park),outdoor,2026-10-12,18.354568682980528,20.0,Slight Chance Rain Showers,28.00945120786657,none,2026-10-05 17:33:54.046032-07
carson_field,Carson Field (hockey),outdoor,2026-10-12,18.354568682980528,20.0,Slight Chance Rain Showers,28.00945120786657,none,2026-10-05 17:33:54.046032-07
la_coliseum,Los Angeles Memorial Coliseum,outdoor,2026-10-12,18.33363158035073,19.444444444444443,Slight Chance Rain Showers,28.267228136377383,none,2026-10-05 17:33:54.046032-07
galen_center,Galen Center,indoor,2026-10-12,18.33363158035073,19.444444444444443,Slight Chance Rain Showers,28.2221013978126,none,2026-10-05 17:33:54.046032-07
intuit_dome,Intuit Dome,indoor,2026-10-12,18.167502521012402,19.444444444444443,Slight Chance Rain Showers,28.193955678043555,none,2026-10-05 17:33:54.046032-07
trestles,Trestles State Beach,outdoor,2026-10-12,18.039063052035686,19.444444444444443,Slight Chance Rain Showers,26.65001864087178,none,2026-10-05 17:33:54.046032-07
riviera_cc,Riviera Country Club,outdoor,2026-10-12,17.94808837756449,18.88888888888889,Slight Chance Rain Showers,28.128523558083785,none,2026-10-05 17:33:54.046032-07
ny_stadium,Etihad Park,outdoor,2026-10-07,17.444588339102438,20.555555555555557,Sunny,31.14952543571452,none,2026-10-05 17:33:54.046032-07
industry_hills,Industry Hills MTB Course,outdoor,2026-10-12,17.443394003655992,18.333333333333332,Slight Chance Rain Showers,29.75406322055901,none,2026-10-05 17:33:54.046032-07
fairplex_cricket,Fairgrounds Cricket Stadium (Fairplex),outdoor,2026-10-12,17.224714430680574,17.77777777777778,Slight Chance Rain Showers,29.629236487533856,none,2026-10-05 17:33:54.046032-07
rose_bowl,Rose Bowl Stadium,outdoor,2026-10-12,17.025973869875525,17.22222222222222,Slight Chance Rain Showers,29.706287998047973,none,2026-10-05 17:33:54.046032-07
universal_squash,Comcast Squash Center at Universal Studios,indoor,2026-10-12,16.670033792138224,17.22222222222222,Slight Chance Rain Showers,29.598592710129054,none,2026-10-05 17:33:54.046032-07
ny_stadium,Etihad Park,outdoor,2026-10-06,14.728799852634479,18.333333333333332,Sunny,31.14952543571452,none,2026-10-05 17:33:54.046032-07
ny_stadium,Etihad Park,outdoor,2026-10-12,13.889081988384497,15.555555555555555,Slight Chance Rain Showers,31.14952543571452,none,2026-10-05 17:33:54.046032-07
ny_stadium,Etihad Park,outdoor,2026-10-05,12.438146025135977,17.77777777777778,Clear,31.14952543571452,none,2026-10-05 17:33:54.046032-07
griffith_observatory,Griffith Observatory (road cycling finish),outdoor,2026-10-08,33.37401420925956,36.111111111111114,Sunny,28.930016513901183,black,2026-10-05 17:33:54.046032-07
whittier_narrows,Whittier Narrows Clay Shooting Center,outdoor,2026-10-08,32.87385916099001,36.666666666666664,Sunny,29.296208225962044,black,2026-10-05 17:33:54.046032-07
whittier_narrows,Whittier Narrows Clay Shooting Center,outdoor,2026-10-07,32.850844653849215,37.77777777777778,Sunny,29.296208225962044,black,2026-10-05 17:33:54.046032-07
whittier_narrows,Whittier Narrows Clay Shooting Center,outdoor,2026-10-09,31.912338790326977,35.0,Sunny,29.296208225962044,red,2026-10-05 17:33:54.046032-07
whittier_narrows,Whittier Narrows Clay Shooting Center,outdoor,2026-10-06,31.541654528248845,39.44444444444444,Sunny,29.296208225962044,red,2026-10-05 17:33:54.046032-07
griffith_observatory,Griffith Observatory (road cycling finish),outdoor,2026-10-07,31.411972521887932,37.22222222222222,Sunny,28.930016513901183,red,2026-10-05 17:33:54.046032-07
whittier_narrows,Whittier Narrows Clay Shooting Center,outdoor,2026-10-10,30.7162427107394,31.666666666666668,Sunny,29.296208225962044,yellow,2026-10-05 17:33:54.046032-07
griffith_observatory,Griffith Observatory (road cycling finish),outdoor,2026-10-09,30.010178388544727,33.333333333333336,Sunny,28.930016513901183,yellow,2026-10-05 17:33:54.046032-07
griffith_observatory,Griffith Observatory (road cycling finish),outdoor,2026-10-06,29.89136072190414,38.888888888888886,Sunny,28.930016513901183,yellow,2026-10-05 17:33:54.046032-07
griffith_observatory,Griffith Observatory (road cycling finish),outdoor,2026-10-10,28.520836816089208,30.0,Sunny,28.930016513901183,green,2026-10-05 17:33:54.046032-07
griffith_observatory,Griffith Observatory (road cycling finish),outdoor,2026-10-05,27.461643212798684,37.22222222222222,Sunny,28.930016513901183,green,2026-10-05 17:33:54.046032-07
whittier_narrows,Whittier Narrows Clay Shooting Center,outdoor,2026-10-11,26.358389767535446,27.22222222222222,Mostly Sunny,29.296208225962044,none,2026-10-05 17:33:54.046032-07
griffith_observatory,Griffith Observatory (road cycling finish),outdoor,2026-10-11,25.08399639917723,26.11111111111111,Mostly Sunny,28.930016513901183,none,2026-10-05 17:33:54.046032-07
whittier_narrows,Whittier Narrows Clay Shooting Center,outdoor,2026-10-05,24.244108741898533,33.888888888888886,Clear,29.296208225962044,none,2026-10-05 17:33:54.046032-07
whittier_narrows,Whittier Narrows Clay Shooting Center,outdoor,2026-10-12,17.601439784942336,18.333333333333332,Slight Chance Rain Showers,29.296208225962044,none,2026-10-05 17:33:54.046032-07
griffith_observatory,Griffith Observatory (road cycling finish),outdoor,2026-10-12,17.224714430680574,17.77777777777778,Slight Chance Rain Showers,28.930016513901183,none,2026-10-05 17:33:54.046032-07
okc_whitewater,Riversport OKC,outdoor,2026-10-07,26.65937876123809,30.555555555555557,Sunny,32.414337064436374,none,2026-10-05 17:33:54.046032-07
okc_whitewater,Riversport OKC,outdoor,2026-10-11,26.56690260043735,30.0,Sunny,32.414337064436374,none,2026-10-05 17:33:54.046032-07
okc_whitewater,Riversport OKC,outdoor,2026-10-08,26.554267763086674,30.555555555555557,Sunny,32.414337064436374,none,2026-10-05 17:33:54.046032-07
okc_whitewater,Riversport OKC,outdoor,2026-10-09,26.19813861645598,30.0,Sunny,32.414337064436374,none,2026-10-05 17:33:54.046032-07
okc_whitewater,Riversport OKC,outdoor,2026-10-10,25.840300749247337,30.0,Sunny,32.414337064436374,none,2026-10-05 17:33:54.046032-07
okc_whitewater,Riversport OKC,outdoor,2026-10-06,25.413204680210843,28.88888888888889,Sunny,32.414337064436374,none,2026-10-05 17:33:54.046032-07
okc_whitewater,Riversport OKC,outdoor,2026-10-12,19.95675834919698,22.77777777777778,Mostly Clear,32.414337064436374,none,2026-10-05 17:33:54.046032-07
okc_whitewater,Riversport OKC,outdoor,2026-10-05,18.781369235579067,25.555555555555557,Clear,32.414337064436374,none,2026-10-05 17:33:54.046032-07
rose_bowl_aquatics,Rose Bowl Aquatics Center,outdoor,2026-10-07,32.66409823777126,37.77777777777778,Sunny,29.70797479445506,black,2026-10-05 17:33:54.046032-07
santa_anita,Santa Anita Park,outdoor,2026-10-08,32.6621930617465,37.22222222222222,Sunny,29.659536081371865,black,2026-10-05 17:33:54.046032-07
santa_anita,Santa Anita Park,outdoor,2026-10-07,32.47805227982715,38.333333333333336,Sunny,29.659536081371865,black,2026-10-05 17:33:54.046032-07
rose_bowl_aquatics,Rose Bowl Aquatics Center,outdoor,2026-10-08,32.18935472334606,36.111111111111114,Sunny,29.70797479445506,red,2026-10-05 17:33:54.046032-07
santa_anita,Santa Anita Park,outdoor,2026-10-09,31.750450825717497,35.0,Sunny,29.659536081371865,red,2026-10-05 17:33:54.046032-07
santa_anita,Santa Anita Park,outdoor,2026-10-06,31.536511671809937,40.0,Sunny,29.659536081371865,red,2026-10-05 17:33:54.046032-07
rose_bowl_aquatics,Rose Bowl Aquatics Center,outdoor,2026-10-09,31.48525671948743,34.44444444444444,Sunny,29.70797479445506,red,2026-10-05 17:33:54.046032-07
rose_bowl_aquatics,Rose Bowl Aquatics Center,outdoor,2026-10-10,30.58138753785233,31.11111111111111,Sunny,29.70797479445506,yellow,2026-10-05 17:33:54.046032-07
rose_bowl_aquatics,Rose Bowl Aquatics Center,outdoor,2026-10-06,30.559962303831444,39.44444444444444,Sunny,29.70797479445506,yellow,2026-10-05 17:33:54.046032-07
santa_anita,Santa Anita Park,outdoor,2026-10-10,30.448657876950094,31.666666666666668,Sunny,29.659536081371865,yellow,2026-10-05 17:33:54.046032-07
sj_stadium,PayPal Park,outdoor,2026-10-06,29.350032294910797,34.44444444444444,Sunny,27.678984162680347,green,2026-10-05 17:33:54.046032-07
sj_stadium,PayPal Park,outdoor,2026-10-07,29.250476897921068,33.333333333333336,Sunny,27.678984162680347,green,2026-10-05 17:33:54.046032-07
port_of_la,Port of Los Angeles (sailing),outdoor,2026-10-07,29.033968830103177,30.0,Sunny,26.895140719220976,green,2026-10-05 17:33:54.046032-07
sj_stadium,PayPal Park,outdoor,2026-10-08,28.446883343289077,32.22222222222222,Sunny,27.678984162680347,green,2026-10-05 17:33:54.046032-07
port_of_la,Port of Los Angeles (sailing),outdoor,2026-10-09,28.313646763937655,28.333333333333332,Sunny,26.895140719220976,green,2026-10-05 17:33:54.046032-07
sj_stadium,PayPal Park,outdoor,2026-10-09,28.27154173764222,30.0,Sunny,27.678984162680347,green,2026-10-05 17:33:54.046032-07
port_of_la,Port of Los Angeles (sailing),outdoor,2026-10-10,27.24562953357711,26.11111111111111,Mostly Sunny,26.895140719220976,green,2026-10-05 17:33:54.046032-07
port_of_la,Port of Los Angeles (sailing),outdoor,2026-10-08,26.801227902193972,28.333333333333332,Sunny,26.895140719220976,green,2026-10-05 17:33:54.046032-07
port_of_la,Port of Los Angeles (sailing),outdoor,2026-10-06,26.575792949277194,30.555555555555557,Sunny,26.895140719220976,none,2026-10-05 17:33:54.046032-07
sj_stadium,PayPal Park,outdoor,2026-10-10,26.305973378617374,26.11111111111111,Sunny,27.678984162680347,none,2026-10-05 17:33:54.046032-07
rose_bowl_aquatics,Rose Bowl Aquatics Center,outdoor,2026-10-11,25.998473169675933,26.666666666666668,Mostly Sunny,29.70797479445506,none,2026-10-05 17:33:54.046032-07
sj_stadium,PayPal Park,outdoor,2026-10-05,25.126353032066504,32.22222222222222,Sunny,27.678984162680347,none,2026-10-05 17:33:54.046032-07
rose_bowl_aquatics,Rose Bowl Aquatics Center,outdoor,2026-10-05,24.98482832902609,34.44444444444444,Sunny,29.70797479445506,none,2026-10-05 17:33:54.046032-07
santa_anita,Santa Anita Park,outdoor,2026-10-05,24.615786029682607,35.0,Sunny,29.659536081371865,none,2026-10-05 17:33:54.046032-07
port_of_la,Port of Los Angeles (sailing),outdoor,2026-10-05,23.961167200648937,28.88888888888889,Sunny,26.895140719220976,none,2026-10-05 17:33:54.046032-07
santa_anita,Santa Anita Park,outdoor,2026-10-11,23.223911264905183,27.22222222222222,Slight Chance Rain Showers,29.659536081371865,none,2026-10-05 17:33:54.046032-07
port_of_la,Port of Los Angeles (sailing),outdoor,2026-10-11,23.0687477600011,24.444444444444443,Partly Sunny,26.895140719220976,none,2026-10-05 17:33:54.046032-07
sj_stadium,PayPal Park,outdoor,2026-10-11,22.141405615265786,23.333333333333332,Sunny,27.678984162680347,none,2026-10-05 17:33:54.046032-07
port_of_la,Port of Los Angeles (sailing),outdoor,2026-10-12,18.090842239532126,20.0,Partly Cloudy,26.895140719220976,none,2026-10-05 17:33:54.046032-07
santa_anita,Santa Anita Park,outdoor,2026-10-12,17.547844631384987,17.77777777777778,Slight Chance Rain Showers,29.659536081371865,none,2026-10-05 17:33:54.046032-07
rose_bowl_aquatics,Rose Bowl Aquatics Center,outdoor,2026-10-12,17.025973869875525,17.22222222222222,Slight Chance Rain Showers,29.70797479445506,none,2026-10-05 17:33:54.046032-07
sj_stadium,PayPal Park,outdoor,2026-10-12,12.721022107674065,14.444444444444445,Mostly Clear,27.678984162680347,none,2026-10-05 17:33:54.046032-07
lb_arena,Long Beach Arena,indoor,2026-10-09,28.459184449409346,28.88888888888889,Sunny,26.89994749728579,green,2026-10-05 17:33:54.046032-07
lb_arena,Long Beach Arena,indoor,2026-10-08,27.994170351921305,28.88888888888889,Sunny,26.89994749728579,green,2026-10-05 17:33:54.046032-07
lb_arena,Long Beach Arena,indoor,2026-10-07,27.773737917167896,30.555555555555557,Sunny,26.89994749728579,green,2026-10-05 17:33:54.046032-07
lb_arena,Long Beach Arena,indoor,2026-10-10,27.740700206948482,27.22222222222222,Mostly Sunny,26.89994749728579,green,2026-10-05 17:33:54.046032-07
lb_arena,Long Beach Arena,indoor,2026-10-06,27.12151765696961,32.22222222222222,Sunny,26.89994749728579,green,2026-10-05 17:33:54.046032-07
lb_arena,Long Beach Arena,indoor,2026-10-05,24.64177143612847,31.666666666666668,Sunny,26.89994749728579,none,2026-10-05 17:33:54.046032-07
lb_arena,Long Beach Arena,indoor,2026-10-11,23.586451856823345,24.444444444444443,Partly Sunny,26.89994749728579,none,2026-10-05 17:33:54.046032-07
lb_arena,Long Beach Arena,indoor,2026-10-12,18.62705756902349,20.555555555555557,Partly Cloudy,26.89994749728579,none,2026-10-05 17:33:54.046032-07
la_zoo,Los Angeles Zoo (time trial start),outdoor,2026-10-08,34.056658467449694,37.22222222222222,Sunny,29.46619005093931,black,2026-10-05 17:33:54.046032-07
la_zoo,Los Angeles Zoo (time trial start),outdoor,2026-10-07,33.43872904941909,37.77777777777778,Sunny,29.46619005093931,black,2026-10-05 17:33:54.046032-07
honda_center,Honda Center,indoor,2026-10-06,32.73640894392996,38.333333333333336,Sunny,28.051929445069177,black,2026-10-05 17:33:54.046032-07
honda_center,Honda Center,indoor,2026-10-08,32.401680722637686,35.0,Sunny,28.051929445069177,black,2026-10-05 17:33:54.046032-07
la_convention_center,Los Angeles Convention Center,indoor,2026-10-08,32.395820847175706,34.44444444444444,Sunny,28.994636516350898,black,2026-10-05 17:33:54.046032-07
sepulveda_basin_2,Valley Complex 2 (Sepulveda Basin),outdoor,2026-10-07,32.105213163721146,38.333333333333336,Sunny,29.48045620796912,red,2026-10-05 17:33:54.046032-07
sepulveda_basin_4,Valley Complex 4 (Sepulveda Basin),outdoor,2026-10-07,32.105213163721146,38.333333333333336,Sunny,29.48045620796912,red,2026-10-05 17:33:54.046032-07
sepulveda_basin_3,Valley Complex 3 (Sepulveda Basin),outdoor,2026-10-07,32.105213163721146,38.333333333333336,Sunny,29.48045620796912,red,2026-10-05 17:33:54.046032-07
sepulveda_basin_1,Valley Complex 1 (Sepulveda Basin),outdoor,2026-10-07,32.105213163721146,38.333333333333336,Sunny,29.48045620796912,red,2026-10-05 17:33:54.046032-07
dodger_stadium,Dodger Stadium,outdoor,2026-10-08,32.088361361668944,34.44444444444444,Sunny,28.57224693317695,red,2026-10-05 17:33:54.046032-07
dodger_stadium,Dodger Stadium,outdoor,2026-10-07,31.975874378439663,35.55555555555556,Sunny,28.57224693317695,red,2026-10-05 17:33:54.046032-07
honda_center,Honda Center,indoor,2026-10-09,31.956861250738285,33.888888888888886,Sunny,28.051929445069177,red,2026-10-05 17:33:54.046032-07
sepulveda_basin_2,Valley Complex 2 (Sepulveda Basin),outdoor,2026-10-08,31.95419229510033,36.666666666666664,Sunny,29.48045620796912,red,2026-10-05 17:33:54.046032-07
sepulveda_basin_1,Valley Complex 1 (Sepulveda Basin),outdoor,2026-10-08,31.95419229510033,36.666666666666664,Sunny,29.48045620796912,red,2026-10-05 17:33:54.046032-07
sepulveda_basin_3,Valley Complex 3 (Sepulveda Basin),outdoor,2026-10-08,31.95419229510033,36.666666666666664,Sunny,29.48045620796912,red,2026-10-05 17:33:54.046032-07
sepulveda_basin_4,Valley Complex 4 (Sepulveda Basin),outdoor,2026-10-08,31.95419229510033,36.666666666666664,Sunny,29.48045620796912,red,2026-10-05 17:33:54.046032-07
la_zoo,Los Angeles Zoo (time trial start),outdoor,2026-10-09,31.940852067941353,34.44444444444444,Sunny,29.46619005093931,red,2026-10-05 17:33:54.046032-07
sepulveda_basin_1,Valley Complex 1 (Sepulveda Basin),outdoor,2026-10-09,31.852769277276025,36.111111111111114,Sunny,29.48045620796912,red,2026-10-05 17:33:54.046032-07
sepulveda_basin_4,Valley Complex 4 (Sepulveda Basin),outdoor,2026-10-09,31.852769277276025,36.111111111111114,Sunny,29.48045620796912,red,2026-10-05 17:33:54.046032-07
sepulveda_basin_3,Valley Complex 3 (Sepulveda Basin),outdoor,2026-10-09,31.852769277276025,36.111111111111114,Sunny,29.48045620796912,red,2026-10-05 17:33:54.046032-07
sepulveda_basin_2,Valley Complex 2 (Sepulveda Basin),outdoor,2026-10-09,31.852769277276025,36.111111111111114,Sunny,29.48045620796912,red,2026-10-05 17:33:54.046032-07
honda_center,Honda Center,indoor,2026-10-07,31.767348600813445,36.666666666666664,Sunny,28.051929445069177,red,2026-10-05 17:33:54.046032-07
la_convention_center,Los Angeles Convention Center,indoor,2026-10-09,31.65540251595399,33.333333333333336,Sunny,28.994636516350898,red,2026-10-05 17:33:54.046032-07
bmo_stadium,BMO Stadium,outdoor,2026-10-09,31.492234988125695,32.22222222222222,Sunny,28.225816252878523,red,2026-10-05 17:33:54.046032-07
sofi_stadium,SoFi Stadium,covered,2026-10-06,31.462821688763867,36.111111111111114,Sunny,28.239087891242196,red,2026-10-05 17:33:54.046032-07
dodger_stadium,Dodger Stadium,outdoor,2026-10-09,31.371975106663417,33.333333333333336,Sunny,28.57224693317695,red,2026-10-05 17:33:54.046032-07
sepulveda_basin_3,Valley Complex 3 (Sepulveda Basin),outdoor,2026-10-06,31.3483924728465,38.333333333333336,Sunny,29.48045620796912,red,2026-10-05 17:33:54.046032-07
sepulveda_basin_1,Valley Complex 1 (Sepulveda Basin),outdoor,2026-10-06,31.3483924728465,38.333333333333336,Sunny,29.48045620796912,red,2026-10-05 17:33:54.046032-07
sepulveda_basin_4,Valley Complex 4 (Sepulveda Basin),outdoor,2026-10-06,31.3483924728465,38.333333333333336,Sunny,29.48045620796912,red,2026-10-05 17:33:54.046032-07
sepulveda_basin_2,Valley Complex 2 (Sepulveda Basin),outdoor,2026-10-06,31.3483924728465,38.333333333333336,Sunny,29.48045620796912,red,2026-10-05 17:33:54.046032-07
la_zoo,Los Angeles Zoo (time trial start),outdoor,2026-10-06,31.227602672482373,39.44444444444444,Sunny,29.46619005093931,red,2026-10-05 17:33:54.046032-07
sofi_stadium,SoFi Stadium,covered,2026-10-09,31.137149562985588,30.555555555555557,Sunny,28.239087891242196,red,2026-10-05 17:33:54.046032-07
carson_velodrome,VELO Sports Center,indoor,2026-10-09,31.133959178079948,31.11111111111111,Sunny,28.00937126586937,red,2026-10-05 17:33:54.046032-07
bmo_stadium,BMO Stadium,outdoor,2026-10-06,30.823164682279785,36.666666666666664,Sunny,28.225816252878523,yellow,2026-10-05 17:33:54.046032-07
honda_center,Honda Center,indoor,2026-10-10,30.794079188908913,31.11111111111111,Sunny,28.051929445069177,yellow,2026-10-05 17:33:54.046032-07
venice_beach,Venice Beach,outdoor,2026-10-06,30.785868300984962,30.555555555555557,Sunny,27.224648892818458,yellow,2026-10-05 17:33:54.046032-07
la_convention_center,Los Angeles Convention Center,indoor,2026-10-07,30.49663182281925,35.55555555555556,Sunny,28.994636516350898,yellow,2026-10-05 17:33:54.046032-07
sofi_stadium,SoFi Stadium,covered,2026-10-08,30.45510403456285,32.77777777777778,Sunny,28.239087891242196,yellow,2026-10-05 17:33:54.046032-07
bmo_stadium,BMO Stadium,outdoor,2026-10-07,30.408400855108226,35.0,Sunny,28.225816252878523,yellow,2026-10-05 17:33:54.046032-07
bmo_stadium,BMO Stadium,outdoor,2026-10-08,30.32097677781598,33.888888888888886,Sunny,28.225816252878523,yellow,2026-10-05 17:33:54.046032-07
carson_velodrome,VELO Sports Center,indoor,2026-10-07,30.18574248901988,33.888888888888886,Sunny,28.00937126586937,yellow,2026-10-05 17:33:54.046032-07
carson_velodrome,VELO Sports Center,indoor,2026-10-08,30.02885023443465,32.77777777777778,Sunny,28.00937126586937,yellow,2026-10-05 17:33:54.046032-07
la_convention_center,Los Angeles Convention Center,indoor,2026-10-06,29.86420980185538,37.22222222222222,Sunny,28.994636516350898,yellow,2026-10-05 17:33:54.046032-07
sofi_stadium,SoFi Stadium,covered,2026-10-07,29.733221769944976,33.888888888888886,Sunny,28.239087891242196,yellow,2026-10-05 17:33:54.046032-07
dodger_stadium,Dodger Stadium,outdoor,2026-10-06,29.489594656023,37.77777777777778,Sunny,28.57224693317695,yellow,2026-10-05 17:33:54.046032-07
carson_velodrome,VELO Sports Center,indoor,2026-10-06,29.386238983315266,35.0,Sunny,28.00937126586937,green,2026-10-05 17:33:54.046032-07
la_zoo,Los Angeles Zoo (time trial start),outdoor,2026-10-10,29.178907841360406,31.11111111111111,Sunny,29.46619005093931,green,2026-10-05 17:33:54.046032-07
venice_beach,Venice Beach,outdoor,2026-10-08,29.17661056055775,28.333333333333332,Sunny,27.224648892818458,green,2026-10-05 17:33:54.046032-07
la_convention_center,Los Angeles Convention Center,indoor,2026-10-10,28.77786212993542,30.0,Sunny,28.994636516350898,green,2026-10-05 17:33:54.046032-07
dodger_stadium,Dodger Stadium,outdoor,2026-10-10,28.64959643613173,30.0,Sunny,28.57224693317695,green,2026-10-05 17:33:54.046032-07
sepulveda_basin_3,Valley Complex 3 (Sepulveda Basin),outdoor,2026-10-10,28.4954290821657,31.666666666666668,Sunny,29.48045620796912,green,2026-10-05 17:33:54.046032-07
sepulveda_basin_4,Valley Complex 4 (Sepulveda Basin),outdoor,2026-10-10,28.4954290821657,31.666666666666668,Sunny,29.48045620796912,green,2026-10-05 17:33:54.046032-07
sepulveda_basin_2,Valley Complex 2 (Sepulveda Basin),outdoor,2026-10-10,28.4954290821657,31.666666666666668,Sunny,29.48045620796912,green,2026-10-05 17:33:54.046032-07
sepulveda_basin_1,Valley Complex 1 (Sepulveda Basin),outdoor,2026-10-10,28.4954290821657,31.666666666666668,Sunny,29.48045620796912,green,2026-10-05 17:33:54.046032-07
alamitos_beach,Alamitos Beach Stadium,outdoor,2026-10-09,28.45914447508527,28.88888888888889,Sunny,26.90048138604778,green,2026-10-05 17:33:54.046032-07
bmo_stadium,BMO Stadium,outdoor,2026-10-10,28.387496389128657,30.0,Mostly Sunny,28.225816252878523,green,2026-10-05 17:33:54.046032-07
carson_velodrome,VELO Sports Center,indoor,2026-10-10,28.174306578907544,29.444444444444443,Mostly Sunny,28.00937126586937,green,2026-10-05 17:33:54.046032-07
venice_beach,Venice Beach,outdoor,2026-10-07,28.063168720379526,28.333333333333332,Sunny,27.224648892818458,green,2026-10-05 17:33:54.046032-07
sofi_stadium,SoFi Stadium,covered,2026-10-10,28.004475463891904,28.333333333333332,Mostly Sunny,28.239087891242196,green,2026-10-05 17:33:54.046032-07
alamitos_beach,Alamitos Beach Stadium,outdoor,2026-10-08,27.994130279346216,28.88888888888889,Sunny,26.90048138604778,green,2026-10-05 17:33:54.046032-07
venice_beach,Venice Beach,outdoor,2026-10-09,27.834322454892742,26.11111111111111,Sunny,27.224648892818458,green,2026-10-05 17:33:54.046032-07
alamitos_beach,Alamitos Beach Stadium,outdoor,2026-10-07,27.77370832878852,30.555555555555557,Sunny,26.90048138604778,green,2026-10-05 17:33:54.046032-07
alamitos_beach,Alamitos Beach Stadium,outdoor,2026-10-10,27.740654839964783,27.22222222222222,Mostly Sunny,26.90048138604778,green,2026-10-05 17:33:54.046032-07
honda_center,Honda Center,indoor,2026-10-05,27.70862945112132,37.22222222222222,Sunny,28.051929445069177,green,2026-10-05 17:33:54.046032-07
alamitos_beach,Alamitos Beach Stadium,outdoor,2026-10-06,27.121263836883116,32.22222222222222,Sunny,26.90048138604778,green,2026-10-05 17:33:54.046032-07
venice_beach,Venice Beach,outdoor,2026-10-10,26.818393232913884,24.444444444444443,Mostly Sunny,27.224648892818458,green,2026-10-05 17:33:54.046032-07
stl_stadium,Energizer Park,outdoor,2026-10-07,26.7187001872391,31.11111111111111,Sunny,33.34010788064038,green,2026-10-05 17:33:54.046032-07
honda_center,Honda Center,indoor,2026-10-11,26.585569699314657,27.22222222222222,Mostly Sunny,28.051929445069177,none,2026-10-05 17:33:54.046032-07
sepulveda_basin_2,Valley Complex 2 (Sepulveda Basin),outdoor,2026-10-05,26.447226079726743,35.55555555555556,Sunny,29.48045620796912,none,2026-10-05 17:33:54.046032-07
sepulveda_basin_3,Valley Complex 3 (Sepulveda Basin),outdoor,2026-10-05,26.447226079726743,35.55555555555556,Sunny,29.48045620796912,none,2026-10-05 17:33:54.046032-07
sepulveda_basin_4,Valley Complex 4 (Sepulveda Basin),outdoor,2026-10-05,26.447226079726743,35.55555555555556,Sunny,29.48045620796912,none,2026-10-05 17:33:54.046032-07
sepulveda_basin_1,Valley Complex 1 (Sepulveda Basin),outdoor,2026-10-05,26.447226079726743,35.55555555555556,Sunny,29.48045620796912,none,2026-10-05 17:33:54.046032-07
la_zoo,Los Angeles Zoo (time trial start),outdoor,2026-10-05,25.802273426166284,37.77777777777778,Mostly Clear,29.46619005093931,none,2026-10-05 17:33:54.046032-07
bmo_stadium,BMO Stadium,outdoor,2026-10-11,25.57708702413927,26.666666666666668,Mostly Sunny,28.225816252878523,none,2026-10-05 17:33:54.046032-07
la_convention_center,Los Angeles Convention Center,indoor,2026-10-11,25.57601523695711,26.666666666666668,Mostly Sunny,28.994636516350898,none,2026-10-05 17:33:54.046032-07
stl_stadium,Energizer Park,outdoor,2026-10-11,25.50234805543089,28.88888888888889,Sunny,33.34010788064038,none,2026-10-05 17:33:54.046032-07
la_zoo,Los Angeles Zoo (time trial start),outdoor,2026-10-11,25.46122911197547,26.666666666666668,Mostly Sunny,29.46619005093931,none,2026-10-05 17:33:54.046032-07
dodger_stadium,Dodger Stadium,outdoor,2026-10-05,25.427922435840443,35.0,Mostly Clear,28.57224693317695,none,2026-10-05 17:33:54.046032-07
carson_velodrome,VELO Sports Center,indoor,2026-10-11,25.2012434359471,26.11111111111111,Mostly Sunny,28.00937126586937,none,2026-10-05 17:33:54.046032-07
sepulveda_basin_4,Valley Complex 4 (Sepulveda Basin),outdoor,2026-10-11,25.154603332008392,27.77777777777778,Mostly Sunny,29.48045620796912,none,2026-10-05 17:33:54.046032-07
sepulveda_basin_1,Valley Complex 1 (Sepulveda Basin),outdoor,2026-10-11,25.154603332008392,27.77777777777778,Mostly Sunny,29.48045620796912,none,2026-10-05 17:33:54.046032-07
sepulveda_basin_2,Valley Complex 2 (Sepulveda Basin),outdoor,2026-10-11,25.154603332008392,27.77777777777778,Mostly Sunny,29.48045620796912,none,2026-10-05 17:33:54.046032-07
sepulveda_basin_3,Valley Complex 3 (Sepulveda Basin),outdoor,2026-10-11,25.154603332008392,27.77777777777778,Mostly Sunny,29.48045620796912,none,2026-10-05 17:33:54.046032-07
sofi_stadium,SoFi Stadium,covered,2026-10-11,25.131454444722156,25.555555555555557,Mostly Sunny,28.239087891242196,none,2026-10-05 17:33:54.046032-07
dodger_stadium,Dodger Stadium,outdoor,2026-10-11,25.08490579035405,26.11111111111111,Mostly Sunny,28.57224693317695,none,2026-10-05 17:33:54.046032-07
stl_stadium,Energizer Park,outdoor,2026-10-08,24.919745855176263,28.88888888888889,Sunny,33.34010788064038,none,2026-10-05 17:33:54.046032-07
alamitos_beach,Alamitos Beach Stadium,outdoor,2026-10-05,24.641418825259876,31.666666666666668,Sunny,26.90048138604778,none,2026-10-05 17:33:54.046032-07
sofi_stadium,SoFi Stadium,covered,2026-10-05,24.495158121621447,30.555555555555557,Sunny,28.239087891242196,none,2026-10-05 17:33:54.046032-07
bmo_stadium,BMO Stadium,outdoor,2026-10-05,24.46517313126945,31.666666666666668,Sunny,28.225816252878523,none,2026-10-05 17:33:54.046032-07
la_convention_center,Los Angeles Convention Center,indoor,2026-10-05,24.251371677824,33.333333333333336,Mostly Clear,28.994636516350898,none,2026-10-05 17:33:54.046032-07
carson_velodrome,VELO Sports Center,indoor,2026-10-05,24.21339963889722,30.0,Sunny,28.00937126586937,none,2026-10-05 17:33:54.046032-07
stl_stadium,Energizer Park,outdoor,2026-10-10,23.795830211933062,29.444444444444443,Sunny,33.34010788064038,none,2026-10-05 17:33:54.046032-07
alamitos_beach,Alamitos Beach Stadium,outdoor,2026-10-11,23.586881142431693,24.444444444444443,Partly Sunny,26.90048138604778,none,2026-10-05 17:33:54.046032-07
stl_stadium,Energizer Park,outdoor,2026-10-09,23.216997014745274,27.77777777777778,Sunny,33.34010788064038,none,2026-10-05 17:33:54.046032-07
venice_beach,Venice Beach,outdoor,2026-10-11,23.181699600782203,22.22222222222222,Mostly Sunny,27.224648892818458,none,2026-10-05 17:33:54.046032-07
stl_stadium,Energizer Park,outdoor,2026-10-06,21.83422017127242,26.666666666666668,Sunny,33.34010788064038,none,2026-10-05 17:33:54.046032-07
venice_beach,Venice Beach,outdoor,2026-10-05,19.89783967331071,25.555555555555557,Mostly Clear,27.224648892818458,none,2026-10-05 17:33:54.046032-07
venice_beach,Venice Beach,outdoor,2026-10-12,19.100611208914486,20.555555555555557,Slight Chance Rain Showers,27.224648892818458,none,2026-10-05 17:33:54.046032-07
alamitos_beach,Alamitos Beach Stadium,outdoor,2026-10-12,18.62705756902349,20.555555555555557,Partly Cloudy,26.90048138604778,none,2026-10-05 17:33:54.046032-07
carson_velodrome,VELO Sports Center,indoor,2026-10-12,18.354568682980528,20.0,Slight Chance Rain Showers,28.00937126586937,none,2026-10-05 17:33:54.046032-07
bmo_stadium,BMO Stadium,outdoor,2026-10-12,18.354568682980528,20.0,Slight Chance Rain Showers,28.225816252878523,none,2026-10-05 17:33:54.046032-07
honda_center,Honda Center,indoor,2026-10-12,18.219096458272794,19.444444444444443,Slight Chance Rain Showers,28.051929445069177,none,2026-10-05 17:33:54.046032-07
sofi_stadium,SoFi Stadium,covered,2026-10-12,18.167502521012402,19.444444444444443,Slight Chance Rain Showers,28.239087891242196,none,2026-10-05 17:33:54.046032-07
la_convention_center,Los Angeles Convention Center,indoor,2026-10-12,18.028724445286027,18.88888888888889,Slight Chance Rain Showers,28.994636516350898,none,2026-10-05 17:33:54.046032-07
la_zoo,Los Angeles Zoo (time trial start),outdoor,2026-10-12,17.303996546445052,17.77777777777778,Slight Chance Rain Showers,29.46619005093931,none,2026-10-05 17:33:54.046032-07
dodger_stadium,Dodger Stadium,outdoor,2026-10-12,17.303996546445052,17.77777777777778,Slight Chance Rain Showers,28.57224693317695,none,2026-10-05 17:33:54.046032-07
sepulveda_basin_1,Valley Complex 1 (Sepulveda Basin),outdoor,2026-10-12,17.04241688091967,18.333333333333332,Slight Chance Rain Showers,29.48045620796912,none,2026-10-05 17:33:54.046032-07
sepulveda_basin_3,Valley Complex 3 (Sepulveda Basin),outdoor,2026-10-12,17.04241688091967,18.333333333333332,Slight Chance Rain Showers,29.48045620796912,none,2026-10-05 17:33:54.046032-07
sepulveda_basin_4,Valley Complex 4 (Sepulveda Basin),outdoor,2026-10-12,17.04241688091967,18.333333333333332,Slight Chance Rain Showers,29.48045620796912,none,2026-10-05 17:33:54.046032-07
sepulveda_basin_2,Valley Complex 2 (Sepulveda Basin),outdoor,2026-10-12,17.04241688091967,18.333333333333332,Slight Chance Rain Showers,29.48045620796912,none,2026-10-05 17:33:54.046032-07
stl_stadium,Energizer Park,outdoor,2026-10-12,16.72574328528708,18.333333333333332,Partly Cloudy,33.34010788064038,none,2026-10-05 17:33:54.046032-07
stl_stadium,Energizer Park,outdoor,2026-10-05,14.34358741090017,20.555555555555557,Clear,33.34010788064038,none,2026-10-05 17:33:54.046032-07
marine_stadium,Marine Stadium,outdoor,2026-10-07,28.973626693529855,30.0,Sunny,26.828588987207844,green,2026-10-05 17:33:54.046032-07
marine_stadium,Marine Stadium,outdoor,2026-10-09,28.97093013181421,29.444444444444443,Sunny,26.828588987207844,green,2026-10-05 17:33:54.046032-07
marine_stadium,Marine Stadium,outdoor,2026-10-08,28.47350478647944,28.88888888888889,Sunny,26.828588987207844,green,2026-10-05 17:33:54.046032-07
lb_shooting_hall,Long Beach Target Shooting Hall,indoor,2026-10-09,28.459185471291054,28.88888888888889,Sunny,26.875887969150604,green,2026-10-05 17:33:54.046032-07
lb_climbing,Long Beach Climbing Theater,outdoor,2026-10-09,28.459185471291054,28.88888888888889,Sunny,26.875887969150604,green,2026-10-05 17:33:54.046032-07
lb_aquatics,Long Beach Aquatics Center,outdoor,2026-10-09,28.459185471291054,28.88888888888889,Sunny,26.875887969150604,green,2026-10-05 17:33:54.046032-07
lb_aquatics,Long Beach Aquatics Center,outdoor,2026-10-08,27.99417144665763,28.88888888888889,Sunny,26.875887969150604,green,2026-10-05 17:33:54.046032-07
lb_shooting_hall,Long Beach Target Shooting Hall,indoor,2026-10-08,27.99417144665763,28.88888888888889,Sunny,26.875887969150604,green,2026-10-05 17:33:54.046032-07
lb_climbing,Long Beach Climbing Theater,outdoor,2026-10-08,27.99417144665763,28.88888888888889,Sunny,26.875887969150604,green,2026-10-05 17:33:54.046032-07
marine_stadium,Marine Stadium,outdoor,2026-10-10,27.845996351631108,27.22222222222222,Mostly Sunny,26.828588987207844,green,2026-10-05 17:33:54.046032-07
lb_climbing,Long Beach Climbing Theater,outdoor,2026-10-07,27.773738774885043,30.555555555555557,Sunny,26.875887969150604,green,2026-10-05 17:33:54.046032-07
lb_aquatics,Long Beach Aquatics Center,outdoor,2026-10-07,27.773738774885043,30.555555555555557,Sunny,26.875887969150604,green,2026-10-05 17:33:54.046032-07
lb_shooting_hall,Long Beach Target Shooting Hall,indoor,2026-10-07,27.773738774885043,30.555555555555557,Sunny,26.875887969150604,green,2026-10-05 17:33:54.046032-07
lb_shooting_hall,Long Beach Target Shooting Hall,indoor,2026-10-10,27.7407012829148,27.22222222222222,Mostly Sunny,26.875887969150604,green,2026-10-05 17:33:54.046032-07
lb_aquatics,Long Beach Aquatics Center,outdoor,2026-10-10,27.7407012829148,27.22222222222222,Mostly Sunny,26.875887969150604,green,2026-10-05 17:33:54.046032-07
lb_climbing,Long Beach Climbing Theater,outdoor,2026-10-10,27.7407012829148,27.22222222222222,Mostly Sunny,26.875887969150604,green,2026-10-05 17:33:54.046032-07
nashville_stadium,GEODIS Park,outdoor,2026-10-08,27.44212827964951,30.555555555555557,Sunny,34.41248448851837,green,2026-10-05 17:33:54.046032-07
lb_climbing,Long Beach Climbing Theater,outdoor,2026-10-06,27.121568927914538,32.22222222222222,Sunny,26.875887969150604,green,2026-10-05 17:33:54.046032-07
lb_shooting_hall,Long Beach Target Shooting Hall,indoor,2026-10-06,27.121568927914538,32.22222222222222,Sunny,26.875887969150604,green,2026-10-05 17:33:54.046032-07
lb_aquatics,Long Beach Aquatics Center,outdoor,2026-10-06,27.121568927914538,32.22222222222222,Sunny,26.875887969150604,green,2026-10-05 17:33:54.046032-07
marine_stadium,Marine Stadium,outdoor,2026-10-06,26.821844715324897,31.666666666666668,Sunny,26.828588987207844,green,2026-10-05 17:33:54.046032-07
nashville_stadium,GEODIS Park,outdoor,2026-10-07,26.710188851974493,30.0,Sunny,34.41248448851837,green,2026-10-05 17:33:54.046032-07
nashville_stadium,GEODIS Park,outdoor,2026-10-06,25.727631557768664,27.77777777777778,Sunny,34.41248448851837,none,2026-10-05 17:33:54.046032-07
nashville_stadium,GEODIS Park,outdoor,2026-10-09,25.428817730295396,30.0,Sunny,34.41248448851837,none,2026-10-05 17:33:54.046032-07
lb_shooting_hall,Long Beach Target Shooting Hall,indoor,2026-10-05,24.641845867175135,31.666666666666668,Sunny,26.875887969150604,none,2026-10-05 17:33:54.046032-07
lb_climbing,Long Beach Climbing Theater,outdoor,2026-10-05,24.641845867175135,31.666666666666668,Sunny,26.875887969150604,none,2026-10-05 17:33:54.046032-07
lb_aquatics,Long Beach Aquatics Center,outdoor,2026-10-05,24.641845867175135,31.666666666666668,Sunny,26.875887969150604,none,2026-10-05 17:33:54.046032-07
nashville_stadium,GEODIS Park,outdoor,2026-10-10,24.106239082230495,29.444444444444443,Mostly Sunny,34.41248448851837,none,2026-10-05 17:33:54.046032-07
marine_stadium,Marine Stadium,outdoor,2026-10-11,23.58843686872583,24.444444444444443,Partly Sunny,26.828588987207844,none,2026-10-05 17:33:54.046032-07
lb_climbing,Long Beach Climbing Theater,outdoor,2026-10-11,23.586346942590183,24.444444444444443,Partly Sunny,26.875887969150604,none,2026-10-05 17:33:54.046032-07
lb_aquatics,Long Beach Aquatics Center,outdoor,2026-10-11,23.586346942590183,24.444444444444443,Partly Sunny,26.875887969150604,none,2026-10-05 17:33:54.046032-07
lb_shooting_hall,Long Beach Target Shooting Hall,indoor,2026-10-11,23.586346942590183,24.444444444444443,Partly Sunny,26.875887969150604,none,2026-10-05 17:33:54.046032-07
marine_stadium,Marine Stadium,outdoor,2026-10-05,23.132387741720958,29.444444444444443,Sunny,26.828588987207844,none,2026-10-05 17:33:54.046032-07
nashville_stadium,GEODIS Park,outdoor,2026-10-11,22.021080209605934,26.666666666666668,Chance Rain Showers,34.41248448851837,none,2026-10-05 17:33:54.046032-07
columbus_stadium,ScottsMiracle-Gro Field,outdoor,2026-10-07,21.82169292070782,26.11111111111111,Sunny,31.177943864122106,none,2026-10-05 17:33:54.046032-07
columbus_stadium,ScottsMiracle-Gro Field,outdoor,2026-10-08,21.543961824032692,24.444444444444443,Sunny,31.177943864122106,none,2026-10-05 17:33:54.046032-07
columbus_stadium,ScottsMiracle-Gro Field,outdoor,2026-10-11,21.19230970468269,24.444444444444443,Mostly Sunny,31.177943864122106,none,2026-10-05 17:33:54.046032-07
columbus_stadium,ScottsMiracle-Gro Field,outdoor,2026-10-10,20.331394492403316,22.77777777777778,Sunny,31.177943864122106,none,2026-10-05 17:33:54.046032-07
columbus_stadium,ScottsMiracle-Gro Field,outdoor,2026-10-09,20.131013116529036,22.22222222222222,Sunny,31.177943864122106,none,2026-10-05 17:33:54.046032-07
columbus_stadium,ScottsMiracle-Gro Field,outdoor,2026-10-06,19.701062284137425,20.0,Sunny,31.177943864122106,none,2026-10-05 17:33:54.046032-07
marine_stadium,Marine Stadium,outdoor,2026-10-12,18.80598458005015,20.555555555555557,Slight Chance Rain Showers,26.828588987207844,none,2026-10-05 17:33:54.046032-07
lb_climbing,Long Beach Climbing Theater,outdoor,2026-10-12,18.62705756902349,20.555555555555557,Partly Cloudy,26.875887969150604,none,2026-10-05 17:33:54.046032-07
lb_aquatics,Long Beach Aquatics Center,outdoor,2026-10-12,18.62705756902349,20.555555555555557,Partly Cloudy,26.875887969150604,none,2026-10-05 17:33:54.046032-07
lb_shooting_hall,Long Beach Target Shooting Hall,indoor,2026-10-12,18.62705756902349,20.555555555555557,Partly Cloudy,26.875887969150604,none,2026-10-05 17:33:54.046032-07
nashville_stadium,GEODIS Park,outdoor,2026-10-12,16.500671511849827,17.77777777777778,Chance Rain Showers,34.41248448851837,none,2026-10-05 17:33:54.046032-07
nashville_stadium,GEODIS Park,outdoor,2026-10-05,16.27655917830534,22.22222222222222,Clear,34.41248448851837,none,2026-10-05 17:33:54.046032-07
columbus_stadium,ScottsMiracle-Gro Field,outdoor,2026-10-12,13.570769591613942,14.444444444444445,Chance Rain Showers,31.177943864122106,none,2026-10-05 17:33:54.046032-07
columbus_stadium,ScottsMiracle-Gro Field,outdoor,2026-10-05,11.630440189575637,15.555555555555555,Clear,31.177943864122106,none,2026-10-05 17:33:54.046032-07
crypto_arena,Crypto.com Arena,indoor,2026-10-08,32.39572050359398,34.44444444444444,Sunny,28.951596081570308,black,2026-10-05 17:33:54.046032-07
peacock_theater,Peacock Theater,indoor,2026-10-08,32.395646056558235,34.44444444444444,Sunny,28.962226248078473,black,2026-10-05 17:33:54.046032-07
sd_stadium,Snapdragon Stadium,outdoor,2026-10-06,32.323556462877065,37.22222222222222,Sunny,26.62168100886727,black,2026-10-05 17:33:54.046032-07
crypto_arena,Crypto.com Arena,indoor,2026-10-09,31.655300151884994,33.333333333333336,Sunny,28.951596081570308,red,2026-10-05 17:33:54.046032-07
peacock_theater,Peacock Theater,indoor,2026-10-09,31.655224148068722,33.333333333333336,Sunny,28.962226248078473,red,2026-10-05 17:33:54.046032-07
sd_stadium,Snapdragon Stadium,outdoor,2026-10-07,31.114876639762873,36.111111111111114,Sunny,26.62168100886727,red,2026-10-05 17:33:54.046032-07
sd_stadium,Snapdragon Stadium,outdoor,2026-10-08,30.796165112517674,34.44444444444444,Sunny,26.62168100886727,yellow,2026-10-05 17:33:54.046032-07
crypto_arena,Crypto.com Arena,indoor,2026-10-07,30.496557839507307,35.55555555555556,Sunny,28.951596081570308,yellow,2026-10-05 17:33:54.046032-07
peacock_theater,Peacock Theater,indoor,2026-10-07,30.496502990026247,35.55555555555556,Sunny,28.962226248078473,yellow,2026-10-05 17:33:54.046032-07
sd_stadium,Snapdragon Stadium,outdoor,2026-10-09,30.492356666211027,33.333333333333336,Sunny,26.62168100886727,yellow,2026-10-05 17:33:54.046032-07
crypto_arena,Crypto.com Arena,indoor,2026-10-06,29.864135966551615,37.22222222222222,Sunny,28.951596081570308,yellow,2026-10-05 17:33:54.046032-07
peacock_theater,Peacock Theater,indoor,2026-10-06,29.864081265458537,37.22222222222222,Sunny,28.962226248078473,yellow,2026-10-05 17:33:54.046032-07
sd_stadium,Snapdragon Stadium,outdoor,2026-10-10,28.891725597847156,30.555555555555557,Mostly Sunny,26.62168100886727,green,2026-10-05 17:33:54.046032-07
crypto_arena,Crypto.com Arena,indoor,2026-10-10,28.77778475749819,30.0,Sunny,28.951596081570308,green,2026-10-05 17:33:54.046032-07
peacock_theater,Peacock Theater,indoor,2026-10-10,28.777727264448885,30.0,Sunny,28.962226248078473,green,2026-10-05 17:33:54.046032-07
sd_stadium,Snapdragon Stadium,outdoor,2026-10-05,26.87589571403038,35.0,Sunny,26.62168100886727,green,2026-10-05 17:33:54.046032-07
crypto_arena,Crypto.com Arena,indoor,2026-10-11,25.57594848793351,26.666666666666668,Mostly Sunny,28.951596081570308,none,2026-10-05 17:33:54.046032-07
peacock_theater,Peacock Theater,indoor,2026-10-11,25.57589884867168,26.666666666666668,Mostly Sunny,28.962226248078473,none,2026-10-05 17:33:54.046032-07
peacock_theater,Peacock Theater,indoor,2026-10-05,24.251371677824,33.333333333333336,Mostly Clear,28.962226248078473,none,2026-10-05 17:33:54.046032-07
crypto_arena,Crypto.com Arena,indoor,2026-10-05,24.251371677824,33.333333333333336,Mostly Clear,28.951596081570308,none,2026-10-05 17:33:54.046032-07
sd_stadium,Snapdragon Stadium,outdoor,2026-10-11,23.51021945863936,26.666666666666668,Slight Chance Rain Showers,26.62168100886727,none,2026-10-05 17:33:54.046032-07
sd_stadium,Snapdragon Stadium,outdoor,2026-10-12,18.584270073907835,20.0,Chance Rain Showers,26.62168100886727,none,2026-10-05 17:33:54.046032-07
peacock_theater,Peacock Theater,indoor,2026-10-12,18.028724445286027,18.88888888888889,Slight Chance Rain Showers,28.962226248078473,none,2026-10-05 17:33:54.046032-07
crypto_arena,Crypto.com Arena,indoor,2026-10-12,18.028724445286027,18.88888888888889,Slight Chance Rain Showers,28.951596081570308,none,2026-10-05 17:33:54.046032-07
